ＩＤ,年齢,都道府県,性別,結婚,職業,業種,世帯年収,居住形態,子供有無,Q.1-1(FA),Q.2,Q.3-1(FA),Q.4-1(FA),Q.5-m1,Q.5-m2,Q.5-m3,Q.5-m4,Q.5-m5,Q.5-m6,Q.5-m7,Q.5-m8,Q.5-m9,Q.5-m10,Q.6-m1,Q.6-m2,Q.6-m3,Q.6-m4,Q.6-m5,Q.6-m6,Q.6-m7,Q.6-m8,Q.6-m9,Q.6-m10,Q.7-m1,Q.7-m2,Q.7-m3,Q.7-m4,Q.7-m5,Q.7-m6,Q.7-m7,Q.7-m8,Q.7-m9,Q.7-m10,Q.8-m1,Q.8-m2,Q.8-m3,Q.8-m4,Q.8-m5,Q.8-m6,Q.8-m7,Q.8-m8,Q.8-m9,Q.8-m10,Q.9-m1,Q.9-m2,Q.9-m3,Q.9-m4,Q.9-m5,Q.9-m6,Q.9-m7,Q.9-m8,Q.9-m9,Q.9-m10,Q.10-m1,Q.10-m2,Q.10-m3,Q.10-m4,Q.10-m5,Q.10-m6,Q.10-m7,Q.10-m8,Q.10-m9,Q.10-m10,Q.11-m1,Q.11-m2,Q.11-m3,Q.11-m4,Q.11-m5,Q.11-m6,Q.11-m7,Q.11-m8,Q.11-m9,Q.11-m10,Q.12-m1,Q.12-m2,Q.12-m3,Q.12-m4,Q.12-m5,Q.12-m6,Q.12-m7,Q.12-m8,Q.12-m9,Q.12-m10,Q.13-m1,Q.13-m2,Q.13-m3,Q.13-m4,Q.13-m5,Q.14-m1,Q.14-m2,Q.14-m3,Q.14-m4,Q.14-m5,Q.14-m6,Q.14-m7,Q.14-m8,Q.14-m9,Q.14-m10,Q.15-m1,Q.15-m2,Q.15-m3,Q.15-m4,Q.15-m5,Q.15-m6,Q.15-m7,Q.15-m8,Q.15-m9,Q.15-m10,Q.16-m1,Q.16-m2,Q.16-m3,Q.16-m4,Q.16-m5,Q.16-m6,Q.17-m1,Q.17-m2,Q.17-m3,Q.17-m4,Q.17-m5,Q.17-m6,Q.18-m1,Q.18-m2,Q.18-m3,Q.18-m4,Q.18-m5,Q.18-m6,Q.19-m1,Q.19-m2,Q.19-m3,Q.19-m4,Q.19-m5,Q.19-m6
m8931758699,37,愛知県,男性,未婚,会社員(正社員),医療・福祉,600万〜700万未満,賃貸（アパート）,なし,山本彩,2,0,10000,5,5,5,4,5,5,5,3,5,5,5,5,5,6,4,5,5,4,5,4,5,7,6,5,7,7,7,7,7,7,6,4,6,5,4,3,6,6,5,6,3,3,3,4,7,6,6,6,6,6,5,4,5,4,4,4,4,4,4,4,4,4,4,4,2,6,5,5,5,5,5,5,4,4,5,3,4,4,4,4,6,5,5,6,5,5,5,4,3,3,3,5,5,4,6,4,4,4,5,6,5,5,5,4,4,4,5,5,6,5,5,4,4,4,5,4,5,4,4,4,4,4,4,5,4,4,4,4,5
m89789022617,20,埼玉県,男性,未婚,学生,勤めていない,100万未満,持ち家（一戸建て）,なし,WANIMA,1,20000,60000,5,7,5,4,6,7,7,3,5,7,7,5,7,2,1,1,5,1,1,1,5,2,6,6,1,1,3,4,5,1,5,1,7,6,3,5,1,3,1,3,3,4,2,4,6,5,5,4,4,5,1,5,5,7,4,6,6,2,6,7,1,6,5,4,6,4,2,4,7,7,2,2,2,6,5,6,2,5,4,5,2,5,5,6,6,5,5,7,1,6,3,2,2,2,2,6,6,6,6,6,6,5,4,3,6,5,6,7,7,5,4,6,4,6,5,6,6,5,5,5,3,7,6,4,5,5,5,4,5
m899819759,48,東京都,女性,既婚,パート・アルバイト,不動産業,600万〜700万未満,持ち家（マンション）,あり,ジェジュン,1,0,0,7,6,7,7,6,7,7,1,7,7,7,7,7,3,3,4,3,3,3,3,2,3,3,3,7,6,7,7,7,7,7,6,5,5,5,2,4,4,4,3,3,2,3,3,2,2,2,2,5,2,3,2,2,4,5,4,3,2,6,6,3,4,3,2,3,4,4,5,5,5,2,2,2,2,2,3,4,4,5,5,3,3,5,5,5,5,7,4,2,4,2,2,3,3,2,2,2,1,2,2,1,2,2,1,2,6,5,4,5,4,3,4,4,4,5,3,4,4,4,4,4,3,3,3,2,5,3,5,3
m8998510314,41,富山県,男性,未婚,会社員(正社員),サービス業,600万〜700万未満,持ち家（一戸建て）,なし,yukikajiura,2,18000,50000,5,5,6,6,5,6,5,3,4,5,5,5,5,4,3,5,5,5,4,5,5,5,5,4,5,3,5,5,5,5,5,5,5,5,4,5,5,4,5,5,5,5,5,5,3,3,5,5,5,5,3,3,3,3,5,5,5,3,5,5,4,5,4,4,4,4,4,4,5,4,4,4,3,4,4,4,4,4,4,4,5,5,5,5,4,5,4,4,5,5,3,3,3,3,3,4,4,4,5,4,4,4,4,4,4,5,4,5,4,4,4,4,4,5,5,5,4,5,4,5,5,5,5,4,4,4,4,5,4
m8971905917,27,千葉県,男性,既婚,会社員(正社員),農業・林業・漁業・鉱業,400万〜500万未満,持ち家（一戸建て）,あり,おふと,1,35000,35000,2,2,1,2,1,2,1,2,1,5,1,2,4,2,2,5,2,1,4,2,3,4,1,2,3,1,4,3,2,1,2,5,2,3,4,3,1,3,6,3,2,2,4,2,2,1,4,3,1,4,2,3,3,2,5,2,1,2,1,2,3,3,3,3,4,2,3,3,4,2,4,2,1,4,2,4,3,3,3,2,3,1,3,2,5,3,3,2,4,3,2,5,2,5,3,2,2,3,4,2,5,5,3,3,4,2,2,3,5,3,3,2,3,4,2,3,2,2,3,1,3,5,2,3,2,2,2,5,3
m8931760263,35,福岡県,女性,既婚,会社員(正社員),商社・卸売り・小売業,500万〜600万未満,賃貸（マンション）,あり,星野源,1,50000,80000,7,7,7,7,7,7,7,6,7,7,7,7,7,5,1,2,4,1,6,1,5,1,6,1,1,1,3,6,7,6,7,7,2,7,7,7,2,2,1,3,2,7,7,7,5,3,3,6,6,5,3,1,1,3,7,7,7,7,7,6,7,2,1,2,6,3,7,7,7,7,2,2,1,1,2,1,5,5,5,2,6,3,5,7,6,3,7,2,2,7,2,5,2,1,5,7,5,6,6,1,3,1,1,2,2,3,1,1,5,6,2,2,6,6,6,6,6,5,3,2,3,3,2,3,3,5,1,2,6
m89788286038,29,東京都,女性,未婚,会社員(正社員),情報通信業,"1,000万〜1,200万未満",賃貸（アパート）,なし,松本慎一郎,1,0,5000,6,6,6,5,6,5,5,1,4,6,6,4,6,2,1,1,2,1,4,1,3,1,2,2,1,1,1,1,1,1,4,6,2,6,4,6,4,2,1,1,2,2,2,2,2,2,2,2,2,3,3,1,1,1,6,6,1,1,4,6,2,2,2,2,5,3,4,6,4,4,1,1,1,1,1,1,2,2,2,2,4,2,5,5,5,5,4,2,2,5,2,2,2,1,2,6,6,3,1,1,1,1,1,5,4,5,1,3,4,5,2,4,5,5,4,5,5,4,4,4,4,3,4,4,4,5,4,3,3
m89787750418,41,大阪府,男性,未婚,会社員(正社員),情報通信業,300万〜400万未満,持ち家（一戸建て）,なし,エレファントカシマシ,3,3000,10000,5,6,7,6,7,6,7,7,7,6,6,6,7,5,1,3,3,3,3,2,3,3,5,5,1,2,6,6,4,4,3,4,4,4,3,5,4,4,4,4,4,5,4,4,5,5,5,5,4,6,5,4,5,4,5,5,5,5,4,3,3,4,4,3,3,3,4,4,3,4,4,5,4,4,5,3,5,6,5,4,5,5,5,5,4,5,4,5,4,5,4,5,4,5,1,4,5,4,5,4,2,5,4,3,4,3,3,4,4,4,2,4,4,4,4,5,3,4,5,5,4,4,5,3,4,4,4,4,4
m8998331247,43,埼玉県,女性,既婚,専業主婦,勤めていない,800万〜900万未満,賃貸（マンション）,なし,椎名林檎,2,5000,10000,7,7,6,7,7,6,7,1,4,7,7,7,7,4,1,1,2,1,2,1,1,1,4,3,1,1,4,4,4,3,4,4,4,7,1,3,1,1,1,1,1,1,1,1,1,1,1,1,6,4,1,1,1,6,1,1,1,1,4,4,4,4,3,3,4,4,4,4,4,6,4,3,3,3,3,3,3,3,3,3,4,4,5,7,3,5,6,3,2,2,1,1,1,1,3,6,2,4,1,1,1,1,1,1,4,5,4,4,7,6,4,4,4,4,5,4,4,4,4,4,4,4,4,4,4,6,4,4,4
m89788059301,45,千葉県,男性,既婚,会社員(正社員),情報通信業,600万〜700万未満,社宅,あり,北川勝利,1,3000,7000,6,6,7,6,6,6,6,2,5,6,5,5,6,3,1,2,5,1,4,1,2,2,5,3,1,1,3,5,4,4,6,6,4,5,6,7,4,4,1,4,5,5,5,6,1,1,1,1,1,7,1,1,1,6,7,4,2,2,6,7,2,6,4,3,6,4,6,7,6,7,2,1,1,3,2,1,5,4,5,5,6,5,5,6,4,5,5,2,4,3,2,1,1,1,1,5,2,4,1,1,2,1,1,1,3,6,2,2,6,6,2,2,6,6,7,7,5,4,4,4,2,5,2,2,4,5,2,3,6
m8994386575,49,北海道,男性,既婚,自営業,情報通信業,800万〜900万未満,持ち家（一戸建て）,あり,稲垣潤一,1,1500,5000,4,6,4,5,3,5,6,4,4,4,6,4,4,4,4,7,4,4,6,4,4,6,4,5,3,5,5,4,6,5,4,4,4,4,5,3,7,4,4,2,5,2,6,4,4,4,6,4,2,4,4,6,2,4,7,4,4,4,6,4,3,4,4,6,6,5,5,3,6,4,4,2,6,4,4,6,4,4,4,4,4,6,6,4,4,6,6,2,4,4,6,4,6,4,2,4,6,4,6,4,4,2,6,6,4,5,4,6,4,3,6,6,2,6,4,4,4,4,6,6,4,6,2,4,4,6,4,4,5
m89789624816,51,愛媛県,男性,既婚,会社員(正社員),電気・ガス・水道業,700万〜800万未満,社宅,あり,渡辺美里,2,0,30000,6,6,6,6,6,6,6,2,6,6,5,5,5,3,5,5,4,2,3,5,4,3,5,4,6,6,2,2,3,3,4,5,5,4,4,4,2,5,5,5,2,5,5,4,5,3,3,3,5,2,4,4,2,2,6,6,5,3,4,6,3,4,2,2,5,5,5,5,5,4,2,2,2,2,4,3,4,4,5,6,5,5,5,5,5,4,4,4,3,6,2,2,2,1,4,6,4,2,1,1,1,1,1,2,4,4,2,3,4,4,4,4,4,5,4,5,5,4,4,4,3,4,3,4,4,5,4,4,4
m8998717559,54,神奈川県,男性,未婚,会社員(正社員),製造業,"1,000万〜1,200万未満",賃貸（一戸建て）,なし,Beatlse,1,10000,10000,6,6,6,6,6,6,6,6,6,6,6,6,6,6,6,6,6,6,6,6,6,6,6,6,6,6,6,6,6,6,6,6,6,6,6,6,6,6,6,6,6,6,6,6,6,6,6,6,6,6,2,2,2,4,4,4,4,4,4,4,4,4,4,4,4,4,4,4,4,4,4,4,4,4,4,4,4,4,4,4,4,4,4,4,4,4,4,4,4,4,4,4,4,4,4,4,4,4,4,4,4,4,4,4,4,4,4,4,4,4,4,4,4,4,4,4,4,4,4,4,4,4,4,4,4,4,4,4,4
m8970793148,33,鹿児島県,男性,既婚,公務員（教職員を除く）,医療・福祉,300万〜400万未満,持ち家（一戸建て）,あり,PEDRO,1,0,0,6,6,6,6,6,6,6,6,6,6,5,6,6,5,2,2,2,2,2,1,4,2,3,2,1,1,4,5,5,4,2,2,3,6,6,6,3,5,2,4,3,2,4,5,2,2,2,2,2,5,2,1,1,1,6,6,5,4,6,6,2,2,2,5,4,2,5,5,6,4,2,1,1,3,1,2,6,5,5,6,6,5,5,6,5,2,2,2,2,5,1,1,1,1,1,2,1,4,1,1,4,1,1,1,1,2,1,1,5,5,4,4,4,5,5,6,5,5,5,5,5,5,5,4,3,6,4,2,2
m89789837140,33,福岡県,女性,既婚,会社員(正社員),商社・卸売り・小売業,300万〜400万未満,賃貸（アパート）,あり,倖田來未,2,10.000,30.000,7,7,6,7,6,6,6,2,6,6,6,6,6,4,1,4,5,1,4,1,4,2,5,2,1,1,5,5,5,5,6,5,4,3,4,4,4,3,2,2,3,4,4,5,5,4,4,4,4,5,2,1,1,3,6,4,4,1,5,5,2,6,4,3,7,7,7,7,5,7,1,1,1,1,4,1,4,4,4,5,6,6,5,7,7,7,7,4,7,7,4,5,1,1,1,6,6,6,6,5,4,2,1,6,6,6,4,6,6,6,4,6,6,6,6,6,4,6,6,6,5,2,4,4,5,6,1,5,4
m8970584868,35,埼玉県,女性,未婚,パート・アルバイト,製造業,400万〜500万未満,賃貸（アパート）,なし,"THE ORAL CIGARETTES",3,0,20000,6,5,7,5,5,7,6,2,6,6,5,6,5,4,3,2,5,4,3,4,4,2,5,4,4,5,5,5,5,5,5,4,4,4,3,4,4,4,5,4,3,3,5,5,5,2,2,2,4,3,2,2,2,2,5,5,4,4,4,5,4,4,4,3,4,4,5,4,5,4,2,2,1,3,4,2,5,5,5,4,4,4,5,6,5,5,5,1,4,5,1,1,1,1,1,3,5,4,1,1,1,1,1,4,3,4,4,4,4,4,4,4,4,4,4,5,4,3,4,3,3,6,3,2,2,6,1,2,4
m89789634854,69,東京都,男性,既婚,無職,勤めていない,200万〜300万未満,持ち家（一戸建て）,あり,新井由美,2,0,10000,5,4,5,5,4,5,5,4,4,5,6,5,5,6,5,5,6,5,5,5,5,4,4,5,4,4,5,5,4,4,4,5,4,4,5,4,3,4,4,5,4,4,5,4,4,5,4,5,4,4,4,5,4,4,4,4,5,4,4,4,3,4,4,4,5,4,4,4,4,5,4,5,4,4,3,4,4,5,4,4,5,4,5,4,5,5,4,4,4,5,4,4,5,4,4,5,5,4,4,5,5,5,4,4,5,5,5,4,5,5,4,4,5,4,4,5,5,4,4,5,5,4,4,4,5,5,5,4,4
m89788209639,30,熊本県,女性,既婚,会社員(正社員),医療・福祉,400万〜500万未満,賃貸（アパート）,あり,EXILE,2,100000,100000,7,6,6,6,6,7,7,1,7,7,7,7,7,6,5,6,6,6,6,3,6,6,7,4,4,4,6,5,6,7,7,7,7,5,6,3,3,4,4,4,5,5,5,5,2,2,2,2,2,7,5,1,7,5,6,5,5,5,7,7,2,5,6,5,4,6,6,6,7,7,1,1,1,1,5,3,6,7,6,6,7,7,7,7,7,7,7,7,7,7,7,7,7,7,7,7,7,7,7,7,7,7,7,7,7,6,6,1,6,5,5,3,6,5,5,7,7,6,5,5,6,3,5,6,6,3,4,4,2
m89789731898,29,東京都,女性,既婚,その他,その他,100万未満,その他,なし,BTS,1,1000000,100000,7,7,7,7,7,7,7,1,1,7,7,7,7,7,1,4,4,1,4,1,7,7,7,7,7,1,7,7,7,7,7,7,6,7,7,7,7,7,7,7,7,7,7,7,7,7,7,7,7,7,1,1,1,1,1,1,1,1,1,1,7,7,7,7,7,7,7,7,7,7,7,7,7,7,7,7,7,7,7,7,6,7,7,7,7,7,7,7,7,7,7,7,7,7,7,7,7,7,7,7,7,7,7,7,7,7,7,7,7,7,7,7,7,7,7,7,7,7,7,7,7,7,7,7,7,7,7,7,7
m8971871257,55,大阪府,男性,未婚,会社員（契約・派遣社員）,その他,100万〜200万未満,賃貸（マンション）,なし,松田聖子,2,0,0,7,7,7,7,7,7,7,1,7,7,7,7,7,7,7,7,7,7,7,1,7,7,7,7,7,7,7,7,7,7,7,7,7,7,7,7,7,7,7,7,7,7,7,7,7,7,7,7,7,1,7,7,7,7,7,1,1,1,7,7,1,7,1,1,7,7,7,7,7,7,1,1,1,7,7,7,7,7,7,1,7,1,5,7,1,7,5,1,1,7,4,1,1,1,1,4,1,4,1,1,1,1,1,1,1,4,1,1,7,7,4,1,4,4,4,7,7,5,5,5,5,3,4,4,4,5,1,1,5
m8970880914,51,東京都,女性,既婚,専業主婦,勤めていない,100万未満,持ち家（マンション）,あり,宇多田ヒカル,2,0,30000,7,7,7,7,7,7,7,7,7,7,7,7,7,4,4,4,5,4,5,1,5,4,5,4,1,1,5,5,5,5,7,7,7,7,7,7,5,7,5,4,4,4,5,5,5,4,4,6,6,5,3,2,2,6,4,4,2,1,4,4,4,4,4,4,4,4,6,6,6,6,1,1,1,3,3,3,4,5,5,1,4,4,5,6,4,4,1,1,1,3,1,1,1,1,1,3,2,2,1,1,1,1,1,1,1,5,5,1,7,7,4,1,7,7,7,7,7,4,2,1,4,4,4,4,5,6,6,6,4
m8970483916,61,石川県,男性,既婚,会社員（契約・派遣社員）,その他,100万〜200万未満,持ち家（一戸建て）,あり,ZARD,2,0,2000,5,5,4,5,4,5,5,3,4,4,4,4,4,4,4,4,4,4,4,1,4,1,4,4,4,4,5,5,5,5,1,3,4,4,4,3,4,4,1,1,1,1,1,2,6,4,5,4,6,1,1,1,1,1,1,1,1,4,5,4,1,1,1,1,1,4,4,4,4,4,4,4,1,1,1,1,1,1,1,1,1,1,1,1,1,1,1,1,1,1,1,1,1,1,1,4,4,1,1,1,1,1,1,1,1,1,1,1,1,1,1,1,1,1,1,1,1,5,5,5,5,1,4,4,4,4,4,4,4
m8973065833,37,東京都,女性,未婚,会社員(正社員),医療・福祉,400万〜500万未満,賃貸（アパート）,なし,清木場俊介,1,20000,50000,7,7,7,7,4,7,6,1,6,7,7,7,6,2,2,2,2,2,2,1,4,4,5,4,1,1,4,7,6,6,7,6,5,4,2,2,2,4,1,5,2,4,6,7,7,4,2,4,2,4,5,1,4,6,7,7,6,7,4,5,1,4,4,4,4,4,6,7,7,7,4,4,4,5,5,5,4,4,4,2,4,2,5,6,6,4,4,4,7,6,4,4,1,1,5,4,4,5,1,1,1,1,4,2,1,4,2,4,7,7,4,6,6,6,6,6,6,6,5,5,5,4,4,4,4,5,4,4,4
m8970881121,39,東京都,男性,未婚,会社員(正社員),メディア・マスコミ・広告業,600万〜700万未満,賃貸（マンション）,なし,ストロークス,1,4000,10000,7,7,7,7,7,7,7,1,6,7,7,6,7,4,1,1,4,1,1,1,2,1,4,5,1,1,6,6,5,4,6,7,1,7,5,7,4,4,4,4,4,5,6,6,1,1,1,1,1,2,1,1,1,6,6,5,3,2,6,6,4,4,1,1,5,5,5,7,5,7,1,1,1,1,1,1,4,4,4,4,5,5,5,5,4,6,6,4,1,6,5,1,1,1,5,7,1,5,1,5,2,2,5,2,4,5,4,2,6,7,4,1,6,7,7,7,7,5,5,5,5,4,5,5,4,5,4,4,2
m8970875025,58,東京都,女性,既婚,専業主婦,勤めていない,700万〜800万未満,持ち家（一戸建て）,あり,ポルノグラフィティ,1,0,10000,6,6,6,6,4,6,6,2,6,6,6,6,6,3,1,1,4,2,2,1,5,1,4,2,1,1,1,4,4,1,6,5,2,3,5,4,4,4,4,4,5,5,5,5,3,4,4,3,3,5,4,3,1,4,5,5,3,2,5,6,2,4,2,3,2,4,4,5,5,5,1,1,1,4,2,1,5,5,5,3,4,4,3,5,5,2,4,1,5,5,1,1,1,1,4,4,2,1,1,1,1,1,1,3,1,5,4,3,4,5,4,2,5,5,5,5,5,5,5,5,4,1,5,5,5,6,3,4,1
m8998271400,41,東京都,男性,未婚,会社員(正社員),出版・印刷業,200万〜300万未満,賃貸（マンション）,なし,氷室京介,1,0,15000,7,7,7,6,6,5,5,2,5,7,6,6,7,5,2,4,4,4,2,1,5,4,4,5,3,1,7,7,7,7,6,7,3,4,5,4,3,4,4,7,5,4,3,5,4,7,5,5,5,3,4,4,3,6,6,6,6,4,4,5,5,5,3,3,5,5,5,7,5,7,1,1,1,3,4,4,4,4,5,5,6,5,5,5,5,5,6,5,5,5,4,5,5,1,2,5,1,1,1,1,1,3,1,1,1,3,3,3,5,4,5,5,5,3,1,3,3,5,1,1,3,2,1,1,1,7,7,1,4
m8971696143,16,神奈川県,女性,未婚,学生,勤めていない,500万〜600万未満,持ち家（一戸建て）,なし,"SEKAI NO OWARI",3,20000,100000,7,7,7,7,7,7,7,7,7,7,7,7,7,7,3,7,7,3,7,1,7,7,7,7,3,1,7,7,7,7,7,7,7,7,4,6,7,7,7,7,7,6,7,7,1,7,3,1,1,7,7,1,5,5,5,3,7,5,5,7,1,7,7,7,7,7,7,7,7,7,1,1,1,7,7,4,7,7,7,7,7,7,5,7,7,7,7,3,7,7,5,1,3,1,1,3,1,2,1,1,1,3,1,7,7,7,7,7,7,7,7,7,7,7,7,7,7,1,3,1,1,5,5,1,1,7,1,1,7
m89788993816,52,東京都,女性,既婚,パート・アルバイト,その他,"1,200万〜1,500万未満",賃貸（マンション）,なし,"THE ALFEE",3,50000,200000,7,7,7,7,7,7,7,1,7,7,7,7,7,4,1,4,7,4,4,1,7,1,7,4,1,1,7,7,5,5,7,7,4,4,6,4,4,4,1,5,2,6,6,6,2,4,4,4,5,2,2,1,2,4,7,7,4,7,7,7,1,4,4,7,7,7,7,7,7,7,1,1,1,4,7,4,7,7,7,6,7,7,5,7,7,7,7,4,4,7,1,7,1,1,6,7,6,5,1,1,1,1,1,1,7,4,1,1,7,7,4,1,7,7,7,7,7,6,4,5,4,1,5,4,6,4,5,5,1
m89788906898,56,東京都,女性,既婚,会社員（契約・派遣社員）,製造業,"1,000万〜1,200万未満",持ち家（マンション）,なし,TUBE,1,50000,100000,7,7,7,7,6,7,7,1,6,7,7,7,5,4,3,4,5,5,5,4,5,5,6,5,7,4,3,5,5,4,5,5,4,5,5,3,4,4,3,4,4,5,5,5,1,3,3,3,6,1,2,2,1,5,6,7,5,5,5,6,4,5,5,4,5,5,5,5,5,5,2,2,1,2,4,3,5,5,5,4,5,5,5,7,5,6,7,5,7,7,4,3,1,2,2,6,4,5,4,2,2,1,2,3,5,6,3,2,6,6,4,4,2,6,6,7,7,6,5,6,6,2,6,6,5,4,4,4,2
m8971294950,31,埼玉県,女性,既婚,専業主婦,勤めていない,300万〜400万未満,持ち家（一戸建て）,あり,RADWIMPS,1,5000,10000,7,7,6,7,7,7,6,1,5,6,6,6,7,4,2,3,6,5,4,2,5,3,7,4,1,1,4,4,4,4,4,4,5,7,4,4,4,4,5,4,4,4,4,5,1,4,3,1,1,7,2,1,1,4,5,4,2,2,4,4,4,4,5,5,6,6,6,4,4,5,4,3,2,2,5,4,6,5,4,2,4,4,5,6,4,4,4,4,6,6,4,4,4,4,4,6,4,5,3,2,2,3,3,1,5,5,1,1,5,4,3,2,7,6,4,5,6,3,5,4,4,5,1,1,5,7,1,1,5
m89788449781,46,岩手県,女性,未婚,公務員（教職員を除く）,その他,500万〜600万未満,社宅,なし,ポルノグラフィティ,2,0,3000,5,5,5,5,5,5,6,3,5,6,5,6,6,3,3,2,4,4,5,4,4,4,5,4,6,5,5,5,5,5,5,5,4,4,5,5,4,4,4,4,5,5,4,5,6,6,5,5,6,2,4,5,2,4,5,5,3,4,5,5,5,5,5,5,5,5,5,5,5,5,5,4,4,4,4,4,5,5,5,3,5,4,5,5,4,5,5,3,5,6,4,2,2,2,3,5,2,4,2,2,2,2,2,2,2,5,4,4,4,5,4,4,4,4,4,4,5,4,3,3,4,5,4,4,3,6,3,4,5
m89789160492,34,滋賀県,女性,既婚,パート・アルバイト,製造業,200万〜300万未満,持ち家（一戸建て）,あり,あいみょん,2,50000,100000,1,2,3,2,4,7,6,6,6,5,1,6,6,7,6,6,5,5,6,5,6,5,7,6,7,6,6,6,6,7,6,6,5,7,6,5,6,7,7,6,6,6,6,6,6,7,5,6,6,5,7,5,5,6,7,5,6,6,6,5,5,5,6,7,5,5,6,6,7,4,5,5,5,5,7,5,5,5,4,5,5,5,3,6,6,5,3,5,5,6,6,6,7,5,7,7,6,6,6,4,6,7,6,5,4,6,3,6,7,5,4,6,6,5,7,7,6,6,3,6,6,6,7,7,5,6,6,6,6
m89788207007,48,東京都,女性,未婚,無職,勤めていない,100万未満,賃貸（アパート）,なし,ティラースィフト,2,0,0,7,7,7,7,7,7,7,1,7,7,7,7,7,6,2,2,5,6,2,1,4,2,5,4,2,1,7,7,7,7,7,7,7,7,1,1,1,7,6,1,4,7,7,7,7,7,7,7,7,1,7,1,1,7,7,7,7,7,7,7,1,7,1,1,7,7,7,7,7,7,1,1,1,1,2,1,7,7,7,7,7,7,5,7,7,5,2,2,2,7,2,2,2,2,2,2,2,7,4,6,4,1,1,2,7,7,1,7,7,7,6,7,7,7,7,7,7,4,5,5,6,4,6,6,6,6,6,5,1
m8998531767,64,東京都,男性,既婚,経営者・役員,調査業・シンクタンク,"1,200万〜1,500万未満",持ち家（マンション）,なし,"DREAMS COME TRUE",3,30000,50000,7,7,7,6,5,7,7,1,6,6,7,6,6,6,6,5,5,4,5,2,6,5,6,6,3,3,6,5,6,5,4,5,3,5,4,5,3,4,4,4,4,4,5,5,5,6,6,6,4,5,3,2,4,6,5,5,6,4,4,6,3,4,3,3,6,5,5,5,6,5,2,2,1,5,5,3,5,5,5,5,5,4,5,6,5,6,7,5,7,7,3,6,3,4,5,5,4,5,5,3,4,4,3,5,4,6,4,2,6,5,5,1,6,7,7,7,7,5,5,5,5,4,5,6,5,3,5,6,4
m8971904304,48,福島県,男性,既婚,会社員(正社員),建設業,400万〜500万未満,持ち家（一戸建て）,あり,ビーズ,1,30000,50000,7,7,7,7,6,7,7,1,7,7,7,7,7,4,1,1,3,2,2,1,5,4,6,5,1,1,7,7,7,7,7,7,7,5,6,6,4,3,4,4,4,4,6,5,1,4,4,1,1,7,1,2,5,7,7,7,7,7,7,7,7,7,7,7,7,7,7,7,7,7,1,1,1,1,1,1,7,7,7,7,6,6,5,7,7,5,7,3,7,4,3,5,1,1,1,7,7,6,6,2,2,1,1,1,1,6,4,1,7,7,7,1,7,7,7,7,6,4,4,4,3,5,2,2,6,6,7,4,3
m8976521210,48,埼玉県,女性,既婚,専業主婦,勤めていない,500万〜600万未満,持ち家（マンション）,あり,B'Z,1,0,10000,6,6,6,6,6,6,6,1,6,6,6,4,6,4,4,4,4,4,2,4,4,4,4,4,4,4,6,6,6,6,4,5,4,4,4,4,4,4,4,4,4,4,4,4,4,4,4,4,4,4,4,4,4,4,4,4,4,4,4,4,4,4,4,4,4,4,4,4,4,4,4,4,4,4,4,4,4,4,4,4,4,4,4,4,4,4,4,4,4,4,4,4,4,4,4,4,4,4,4,4,4,4,4,4,4,4,4,4,4,4,4,4,4,4,4,4,4,4,4,4,4,4,4,4,4,4,4,4,4
m89787779681,27,東京都,男性,未婚,パート・アルバイト,商社・卸売り・小売業,300万〜400万未満,賃貸（アパート）,なし,水瀬いのり,2,10000,50000,7,7,7,7,4,7,7,1,5,7,1,7,7,4,4,5,7,4,5,4,4,4,7,7,7,5,6,7,7,7,7,4,2,1,7,4,1,1,1,1,1,1,6,1,4,4,4,1,4,7,1,4,1,1,6,6,6,6,6,1,1,7,1,1,7,5,7,7,6,7,4,1,1,1,4,4,6,6,6,1,7,1,5,7,1,6,5,5,7,7,4,7,1,1,7,7,1,3,1,1,1,1,1,1,7,6,1,4,6,7,1,4,6,6,6,6,6,4,6,6,6,6,7,4,4,4,4,1,4
m89788342923,39,兵庫県,女性,既婚,専業主婦,勤めていない,800万〜900万未満,持ち家（マンション）,あり,c&k,3,0,0,6,6,6,6,6,6,6,6,6,6,6,6,5,4,4,2,2,2,2,2,2,2,3,2,2,2,5,6,4,2,5,6,5,4,6,6,4,2,2,2,4,4,5,4,4,4,4,4,3,5,3,2,2,2,2,2,3,2,4,2,2,3,4,4,3,2,2,5,4,4,2,2,2,4,3,3,4,4,4,4,4,4,5,6,4,4,6,4,4,4,2,2,2,2,2,5,4,5,4,2,2,2,2,2,2,4,1,4,4,5,1,4,5,4,6,6,6,6,5,6,6,2,5,6,5,2,4,4,1
m89789813349,53,新潟県,男性,既婚,その他,その他,"1,200万〜1,500万未満",持ち家（一戸建て）,あり,L'Arc〜en〜Ciel,3,10000,100000,6,6,6,6,6,6,6,6,6,6,6,6,6,6,6,6,6,6,6,6,6,6,6,6,6,6,6,6,6,6,6,6,6,6,6,6,6,6,6,6,5,5,6,6,5,6,5,6,6,5,5,5,5,6,6,6,6,6,5,3,6,5,6,5,5,5,5,6,5,5,5,5,5,6,5,6,6,4,6,5,3,3,5,5,5,3,4,4,4,6,4,4,4,4,4,4,4,5,5,5,4,6,5,4,4,4,4,4,5,5,6,4,4,4,4,6,6,4,4,4,5,5,3,5,6,3,5,5,2
m89789557236,22,東京都,女性,未婚,学生,勤めていない,"1,000万〜1,200万未満",持ち家（一戸建て）,なし,GENERATIONS,2,5.0,10.0,7,7,7,7,7,7,7,7,7,7,7,7,7,7,3,5,7,5,5,2,5,3,7,5,4,3,7,7,7,7,7,7,7,4,7,4,5,4,3,4,5,5,5,5,1,2,2,2,1,7,2,1,1,4,6,6,6,6,7,7,4,5,5,5,5,6,6,7,6,6,5,3,2,5,5,5,6,6,6,6,5,6,5,6,6,6,6,3,7,7,5,7,3,5,6,5,5,5,2,3,5,4,5,5,4,6,3,5,6,5,6,6,7,6,7,7,7,7,7,7,7,2,5,6,5,4,5,6,2
m89789446907,38,福岡県,男性,未婚,会社員(正社員),農業・林業・漁業・鉱業,100万未満,持ち家（一戸建て）,あり,アン・ルイス,1,30000,30000,4,3,4,2,2,1,3,2,2,2,2,2,1,3,3,3,1,2,2,1,4,3,2,2,5,3,5,6,5,6,2,6,5,4,6,6,4,5,5,3,5,5,5,4,4,4,5,4,3,3,4,3,4,4,7,4,5,5,3,4,3,5,4,6,2,2,4,4,5,5,5,2,5,2,6,4,5,5,4,4,4,2,4,4,4,5,3,4,5,6,5,5,3,4,6,5,4,4,4,4,5,4,5,4,3,4,2,4,3,4,3,4,4,5,5,4,4,4,5,4,5,4,3,4,5,4,4,3,5
m89788199763,44,愛知県,女性,既婚,会社員（契約・派遣社員）,運送・輸送業,"1,000万〜1,200万未満",持ち家（一戸建て）,あり,B'Z,1,6000,20000,5,4,5,5,5,2,2,2,5,5,4,6,6,1,1,2,5,6,2,1,5,1,7,3,6,1,7,7,7,7,3,7,6,6,2,7,2,3,1,4,1,3,6,7,6,6,6,6,7,1,1,2,2,2,7,6,6,2,6,3,1,3,2,7,7,7,7,7,7,7,1,1,1,1,3,1,7,7,7,7,3,4,5,7,6,2,3,1,5,7,1,2,2,2,2,4,1,7,1,1,1,1,1,4,5,5,4,4,7,7,4,6,5,6,7,6,6,1,5,2,4,7,1,1,4,7,2,4,7
m8932219555,21,東京都,女性,未婚,会社員(正社員),建設業,"2,000万以上",持ち家（一戸建て）,あり,なし,2,1,1,1,5,1,6,1,5,1,5,1,3,1,5,1,5,1,6,1,6,1,4,1,6,1,5,1,6,1,5,1,3,1,7,1,5,1,4,1,4,1,2,1,6,1,1,4,1,5,1,5,1,1,4,1,5,1,4,1,5,1,2,1,5,1,5,1,5,1,5,1,2,1,5,1,4,1,2,1,4,1,2,1,5,5,4,1,1,5,1,5,1,4,1,3,1,3,1,5,1,5,1,4,1,5,1,3,1,5,1,5,1,3,1,5,1,5,6,1,1,4,1,4,1,3,1,5,1,4,1,4
m89789229950,34,群馬県,女性,既婚,専業主婦,勤めていない,400万〜500万未満,賃貸（アパート）,あり,マオ,1,50000,100000,7,7,7,7,7,7,7,1,7,7,7,7,7,7,4,7,7,7,7,2,7,7,7,4,2,1,7,7,7,7,7,7,7,7,7,4,7,7,7,7,7,7,7,7,2,2,2,2,2,7,2,2,2,7,7,7,4,2,7,7,2,7,4,4,2,7,7,7,7,7,2,2,2,2,2,2,7,7,7,2,7,5,5,7,7,7,7,7,2,7,2,4,4,2,7,7,2,4,4,4,2,2,4,2,2,7,2,2,7,7,2,2,7,7,7,7,7,7,7,7,7,2,4,7,7,4,4,7,1
m8971240119,29,北海道,男性,未婚,会社員（契約・派遣社員）,製造業,400万〜500万未満,その他,なし,和泉まみ,1,100000,50000,6,6,6,6,6,6,6,6,6,6,6,6,6,6,4,4,4,5,5,4,4,5,5,6,7,4,5,5,5,5,5,5,5,5,5,4,4,4,4,7,4,4,5,5,5,4,4,4,4,7,5,4,5,4,6,7,7,7,7,7,4,5,4,5,5,5,5,5,6,6,4,5,2,4,4,5,5,7,7,5,7,7,5,7,7,5,4,5,5,5,2,4,7,5,2,5,5,5,4,1,1,4,1,5,5,7,5,4,6,6,5,4,5,7,7,7,7,7,5,4,5,5,4,5,5,7,4,7,4
m89788755575,40,京都府,女性,既婚,パート・アルバイト,製造業,600万〜700万未満,持ち家（一戸建て）,あり,BTS,1,0,0,6,7,7,5,6,6,6,2,5,7,6,6,7,2,1,2,1,1,1,1,1,1,1,1,1,1,6,5,2,2,4,6,1,4,4,6,2,1,1,1,2,4,4,3,6,6,6,4,6,4,6,2,2,4,5,5,4,1,7,5,2,1,1,1,4,2,5,7,7,7,1,1,1,1,1,1,7,4,2,1,2,3,5,4,4,1,1,1,1,1,1,2,1,1,1,2,2,6,1,1,2,1,1,1,1,2,2,1,6,7,3,4,4,5,5,6,4,6,6,5,6,1,6,4,6,4,4,5,1
m8970534907,40,兵庫県,男性,既婚,会社員(正社員),商社・卸売り・小売業,600万〜700万未満,持ち家（マンション）,あり,つばき,1,30000,50000,6,5,6,6,6,6,6,5,6,6,6,6,6,6,6,6,6,6,6,6,6,2,2,2,2,2,2,2,5,1,2,2,5,3,5,3,6,2,3,2,6,5,5,3,2,1,1,1,1,6,1,1,1,5,6,5,5,5,7,3,6,3,1,1,2,2,2,6,6,6,1,1,2,3,1,1,1,1,1,2,4,3,4,2,3,5,1,5,1,6,2,1,1,1,1,5,1,6,1,5,1,1,1,2,2,1,2,5,5,5,1,1,1,6,6,5,5,6,6,6,5,2,5,6,5,5,2,3,1
m89788394157,48,東京都,女性,既婚,会社員(正社員),建設業,800万〜900万未満,賃貸（マンション）,なし,HAN-KUN,1,30000,30000,7,7,7,7,7,7,7,1,7,7,7,7,7,5,2,2,6,2,2,1,2,1,3,4,4,1,2,7,7,7,6,5,1,4,2,5,4,5,1,1,2,5,2,4,1,1,1,1,1,6,1,1,1,6,7,7,7,6,6,7,1,1,5,6,6,6,4,7,6,6,1,1,1,1,2,2,6,6,6,1,4,7,5,6,5,6,5,2,5,7,2,6,1,1,6,7,7,6,6,1,1,1,4,1,1,7,1,6,6,7,2,7,7,7,7,7,7,6,6,5,6,1,6,6,1,5,1,1,3
m89788497035,52,神奈川県,男性,未婚,会社員（契約・派遣社員）,建設業,600万〜700万未満,社宅,あり,スティング,1,30000,50000,7,7,7,7,7,7,7,1,7,7,5,5,7,3,2,1,1,1,1,1,1,1,4,4,1,1,7,7,7,1,4,7,1,7,4,1,1,1,1,1,1,5,2,1,1,1,1,1,1,7,1,1,1,1,5,5,6,2,4,6,1,1,4,4,5,5,5,7,5,5,4,4,1,1,1,1,4,4,4,4,4,4,5,6,4,5,5,2,2,5,1,1,1,1,4,5,5,4,2,2,5,1,1,3,3,5,1,1,5,5,4,1,5,5,5,5,4,6,1,2,7,1,2,5,7,7,7,7,1
m89788370367,39,宮城県,女性,未婚,パート・アルバイト,製造業,200万〜300万未満,持ち家（一戸建て）,なし,TERU,1,1000000,30000,6,7,7,7,7,7,7,7,7,7,7,7,7,5,6,3,6,6,6,2,6,4,6,6,7,7,6,6,7,7,7,7,7,7,7,4,4,5,4,4,4,5,4,6,1,2,3,1,1,6,1,1,3,6,7,7,7,7,7,7,5,4,4,6,5,6,5,6,6,7,3,2,1,4,6,3,7,7,7,6,6,4,3,7,7,7,7,6,6,7,4,4,6,7,6,7,2,7,3,2,2,2,4,4,6,6,6,4,6,6,6,6,7,6,6,6,7,5,6,6,6,4,4,4,4,6,6,3,2
m8982876004,35,新潟県,女性,未婚,会社員(正社員),建設業,500万〜600万未満,持ち家（一戸建て）,なし,bts,3,10000,10000,5,5,6,6,6,6,6,6,6,6,6,6,6,6,7,6,6,6,6,6,6,6,6,6,4,6,6,6,6,6,6,5,6,6,6,5,6,6,6,6,4,5,7,6,6,6,5,3,5,4,3,6,6,5,6,6,6,6,6,6,4,4,4,5,6,5,6,6,7,5,5,4,3,4,4,4,4,6,6,6,5,5,5,5,5,7,7,5,7,7,7,5,4,3,4,6,5,4,3,4,4,3,3,4,5,4,4,5,4,4,5,4,5,5,6,6,6,5,6,5,5,6,4,4,5,5,4,4,4
m8970292122,45,山口県,男性,既婚,会社員(正社員),運送・輸送業,500万〜600万未満,持ち家（一戸建て）,あり,マジック,1,00,0,3,4,4,3,3,2,3,2,4,4,4,4,4,4,4,4,4,4,4,4,5,4,4,4,1,1,1,4,4,4,4,4,5,4,4,4,2,3,4,4,3,4,4,3,4,4,3,3,6,2,3,1,3,4,4,4,4,4,4,4,4,4,4,4,3,4,4,3,3,4,4,3,4,3,3,4,4,4,4,4,4,4,4,4,4,2,3,3,1,3,2,3,3,3,3,3,2,3,3,3,4,3,3,3,3,3,3,4,4,4,3,4,4,4,4,4,4,4,3,4,4,4,1,4,4,4,2,3,4
m89788318627,24,広島県,女性,未婚,学生,勤めていない,100万未満,賃貸（アパート）,なし,"clean bandit",3,500,30000,6,7,7,7,7,7,7,7,7,7,7,7,7,6,2,5,5,2,5,1,5,5,7,3,1,1,7,7,7,7,7,7,2,7,3,6,6,3,1,2,2,2,5,2,1,1,1,1,1,6,1,1,1,5,5,3,3,1,5,6,5,6,2,2,6,6,6,7,4,6,5,5,1,2,6,3,6,6,6,5,7,7,5,7,7,7,5,2,5,7,6,6,1,1,7,7,1,5,6,1,1,1,1,5,5,7,6,1,7,7,6,1,7,7,7,7,7,7,6,6,6,3,3,5,5,5,3,5,5
m89787816974,40,東京都,男性,既婚,会社員(正社員),建設業,700万〜800万未満,賃貸（マンション）,あり,Mr.children,1,50000,100000,7,7,7,7,7,7,7,7,7,7,7,7,7,6,2,2,7,2,5,7,7,7,7,6,7,4,4,7,7,7,7,7,7,7,7,7,7,7,7,7,7,7,7,7,1,1,4,7,7,7,7,7,7,7,7,7,7,7,7,7,7,7,7,7,7,7,7,7,7,7,4,4,1,7,7,7,7,7,7,7,7,7,7,7,7,7,7,7,7,7,7,7,7,4,7,7,7,7,7,7,7,7,7,7,7,7,7,7,7,7,7,7,7,7,7,7,7,7,1,1,4,7,7,4,1,7,1,1,6
m8970304028,31,愛知県,女性,既婚,パート・アルバイト,金融・証券・保険業,800万〜900万未満,持ち家（マンション）,あり,UVERworld,1,8000,20000,7,6,7,7,5,7,6,2,4,5,5,6,4,4,2,2,3,3,3,1,4,2,5,3,1,1,4,5,4,4,5,4,4,6,4,6,4,4,3,3,4,4,6,5,4,2,1,2,3,4,3,2,1,2,5,5,4,3,6,5,3,4,2,1,6,4,6,6,5,7,2,1,1,3,3,2,5,4,5,2,4,4,5,6,4,3,3,2,4,5,1,1,2,1,2,5,1,2,1,1,2,1,1,2,1,6,1,2,6,6,4,2,6,4,6,5,5,5,5,6,5,4,4,5,5,4,2,3,3
m8971094684,26,東京都,女性,未婚,自営業,金融・証券・保険業,500万〜600万未満,賃貸（マンション）,なし,CNCO,1,0,10000,6,6,4,6,5,6,6,2,6,6,6,6,6,2,1,1,1,1,1,1,1,1,1,1,1,1,6,5,3,1,5,4,2,6,4,2,2,4,1,2,1,1,2,4,6,3,3,2,6,2,5,2,4,4,4,4,4,2,2,5,2,2,2,2,4,2,4,5,5,5,2,3,3,2,1,1,1,1,1,1,4,5,5,4,2,1,1,1,1,5,1,1,1,1,1,1,1,1,2,1,1,1,1,1,1,5,4,5,6,5,4,5,5,4,5,5,5,4,4,4,5,4,4,4,4,5,3,4,4
m89789523923,30,東京都,女性,既婚,会社員(正社員),商社・卸売り・小売業,"1,000万〜1,200万未満",持ち家（マンション）,あり,東京事変,3,5000,100000,7,7,7,7,7,6,7,1,5,7,7,5,7,4,1,4,5,2,4,1,4,4,5,3,1,2,5,5,5,5,5,7,4,6,3,6,4,5,2,4,1,2,3,6,3,1,1,1,4,4,2,1,1,4,5,5,4,2,4,7,3,5,4,4,6,6,7,7,7,6,1,1,1,3,3,4,5,5,5,5,5,5,5,7,6,5,6,3,4,5,2,1,1,1,2,6,5,5,1,1,1,2,1,4,2,7,3,1,6,7,4,1,7,7,7,7,6,6,6,6,6,2,4,5,5,5,4,5,2
m89789219166,48,埼玉県,女性,既婚,会社員(正社員),建設業,"1,000万〜1,200万未満",持ち家（マンション）,なし,"SCOOBIE DO",3,8,200000,6,6,6,6,6,6,6,1,6,7,6,4,5,2,1,1,4,3,3,1,5,1,5,2,1,1,2,2,2,2,5,6,1,5,4,6,4,4,1,1,1,2,4,4,1,1,1,1,4,4,1,1,1,1,4,4,1,4,4,7,1,1,1,1,3,4,4,7,4,6,1,1,1,1,1,1,4,5,5,4,5,4,5,6,5,5,6,5,7,2,1,1,1,1,4,7,1,4,1,1,1,1,1,3,1,7,1,2,6,7,4,1,7,7,5,7,7,4,7,7,4,2,5,5,4,5,4,4,2
m89789152797,42,長野県,男性,未婚,公務員（教職員を除く）,金融・証券・保険業,200万〜300万未満,持ち家（マンション）,あり,アド,2,5000,10000,7,7,7,7,6,7,7,1,7,4,4,6,5,2,1,1,1,1,1,1,1,1,1,2,1,1,4,4,4,4,4,4,3,7,4,4,4,4,4,5,4,4,1,3,2,4,4,4,7,1,1,5,1,2,4,4,1,1,4,4,5,4,1,2,5,4,4,4,4,4,1,1,1,1,1,1,2,2,2,1,1,1,5,5,4,3,4,1,1,1,1,1,1,1,1,2,1,2,2,1,1,1,1,1,1,7,4,4,5,2,2,4,4,6,6,6,6,5,5,5,5,3,4,5,3,5,4,2,2
m8970952706,50,神奈川県,男性,既婚,会社員(正社員),製造業,"1,200万〜1,500万未満",持ち家（一戸建て）,なし,L'Arc〜en〜Ciel,1,3000,1000000,7,2,6,7,7,7,5,1,7,6,6,7,7,3,1,1,2,1,2,1,4,2,5,4,1,1,5,6,6,4,6,5,4,5,2,6,3,5,4,4,2,2,4,4,5,4,4,4,2,3,2,3,3,4,5,5,5,5,5,5,3,3,3,3,3,3,5,6,6,6,3,4,4,4,2,3,3,4,5,6,2,3,5,4,4,3,3,4,5,5,4,5,5,4,4,3,3,5,4,5,5,4,4,5,4,3,4,3,4,4,4,4,5,6,4,6,5,3,4,5,6,2,4,5,5,3,4,3,4
m8998889300,49,福岡県,女性,既婚,その他,サービス業,600万〜700万未満,賃貸（アパート）,なし,KIRINJI,1,4000,10000,6,6,5,5,6,5,7,1,5,7,6,3,6,1,1,1,6,1,2,1,6,1,4,2,6,1,3,5,3,2,6,6,1,7,4,6,4,6,1,1,4,4,3,3,1,4,1,3,2,2,3,2,1,1,5,4,4,1,5,5,5,4,4,5,6,6,5,6,4,4,2,2,1,2,2,1,4,4,4,2,6,4,5,4,5,3,5,1,2,4,1,1,1,1,3,3,1,3,1,1,6,1,1,1,2,6,1,2,7,7,4,2,6,6,5,7,6,2,2,4,2,7,1,1,3,6,1,1,3
m8970993652,21,神奈川県,女性,未婚,学生,勤めていない,"1,800万〜2,000万未満",持ち家（マンション）,なし,すとぷり,2,20000,30000,7,7,7,7,5,7,7,1,7,5,7,7,7,7,5,7,7,7,7,5,7,4,7,4,5,6,4,4,4,4,7,7,7,4,7,3,7,7,7,7,7,7,7,7,7,2,2,2,6,1,6,1,1,6,7,7,7,7,5,7,3,5,5,7,7,7,7,6,7,7,1,1,1,5,6,5,7,7,7,4,7,7,5,7,7,7,7,7,7,7,5,5,4,5,7,7,6,7,4,3,7,7,7,7,4,4,6,7,7,7,5,5,4,4,7,7,7,6,7,7,7,4,6,5,4,5,4,4,4
m8971729066,35,神奈川県,女性,既婚,パート・アルバイト,その他,500万〜600万未満,賃貸（マンション）,なし,AAA,2,5000,50000,7,7,6,6,7,7,7,1,6,7,7,6,6,7,7,7,7,6,7,3,7,3,6,6,7,4,7,7,7,6,7,6,6,7,5,7,6,4,5,5,7,6,5,5,4,5,5,5,5,5,7,2,4,6,7,6,6,6,7,6,4,5,6,6,5,5,7,5,5,6,1,2,2,2,1,1,4,5,5,5,7,6,5,6,7,6,4,5,3,3,3,4,3,1,1,2,3,3,3,3,3,3,3,3,2,1,2,2,3,2,5,2,2,3,2,2,3,6,7,7,3,5,4,2,4,4,3,4,4
m8970772766,45,東京都,男性,未婚,公務員（教職員を除く）,その他,100万未満,賃貸（アパート）,なし,宮内タカユキ,1,30000,30000,5,4,4,4,2,6,4,5,4,4,5,3,5,5,5,4,5,4,2,4,4,3,5,3,4,4,5,4,5,5,4,4,5,6,6,6,6,3,4,5,6,6,6,4,5,5,4,4,5,5,4,5,5,5,5,5,5,6,6,5,5,3,4,5,5,5,4,5,4,3,5,4,4,4,4,5,4,4,5,4,5,2,6,6,6,5,6,6,5,5,6,6,7,4,6,7,6,6,6,6,6,6,5,6,7,5,6,5,4,6,6,7,6,6,6,7,7,7,5,6,6,5,4,5,6,6,6,6,6
m89788978033,27,愛知県,女性,未婚,会社員(正社員),その他,400万〜500万未満,賃貸（アパート）,なし,SMAP,1,50000,50000,4,5,5,4,5,3,4,3,3,3,1,4,4,6,4,4,5,5,5,5,7,7,7,7,7,7,7,7,7,7,7,7,7,7,7,7,7,7,7,7,7,7,6,6,2,3,3,4,5,7,2,3,3,3,4,2,4,3,3,2,7,7,5,5,5,3,7,7,7,7,6,5,5,6,5,5,6,6,6,4,5,5,5,4,4,7,7,7,7,7,7,7,7,7,6,7,7,7,7,7,7,7,5,7,7,5,5,4,5,7,4,7,7,7,7,7,7,7,7,7,7,7,7,5,5,7,5,4,4
m89787712774,31,埼玉県,女性,既婚,専業主婦,勤めていない,100万未満,持ち家（一戸建て）,なし,川崎鷹也,1,0,30000,7,6,6,6,3,7,7,1,5,7,7,5,6,4,2,2,3,2,2,2,3,3,5,4,4,2,5,5,5,5,7,6,3,4,4,4,4,4,4,5,5,5,6,5,6,3,2,4,4,2,3,3,3,4,4,4,4,3,4,5,4,4,5,4,5,7,7,6,6,7,5,4,2,4,4,4,5,5,5,5,6,6,5,7,6,5,3,2,2,5,4,1,1,1,1,4,2,4,4,2,7,4,2,4,2,5,4,3,7,7,5,2,2,4,7,7,6,5,6,5,4,3,3,4,4,4,5,5,2
m8970843979,32,大阪府,女性,既婚,パート・アルバイト,教育業,400万〜500万未満,賃貸（マンション）,あり,コブクロ,1,20000,50000,6,6,6,7,5,7,6,3,6,7,5,6,4,2,1,2,1,1,1,1,3,4,5,2,1,1,2,3,4,1,5,5,4,7,5,7,5,5,3,2,2,5,5,6,2,1,2,4,2,2,3,1,3,1,4,5,2,2,2,4,5,7,4,4,2,2,2,6,5,5,1,1,1,2,1,1,5,5,5,1,4,3,5,5,2,2,2,2,6,6,1,1,1,5,2,5,5,2,2,2,2,1,1,5,1,6,2,2,4,6,5,4,6,6,6,6,6,6,7,7,6,1,6,6,6,2,4,6,1
m8998341775,44,京都府,女性,未婚,自営業,商社・卸売り・小売業,500万〜600万未満,持ち家（一戸建て）,なし,己龍,1,6000,10000,7,7,7,7,6,7,7,3,7,6,7,7,6,3,1,1,2,2,1,1,5,1,6,4,1,1,4,5,5,4,7,6,2,7,6,7,6,6,4,5,4,6,5,6,1,1,1,1,3,4,2,1,1,4,2,3,1,1,5,4,1,4,2,4,4,2,6,6,6,6,2,2,1,1,1,1,6,5,4,1,4,2,5,7,1,3,1,1,1,3,1,1,1,1,1,5,1,6,1,1,1,1,1,1,1,6,1,1,7,6,4,2,7,6,7,7,5,5,5,5,4,2,2,3,4,5,2,3,4
m89788847565,39,石川県,男性,未婚,会社員(正社員),情報通信業,100万〜200万未満,持ち家（マンション）,あり,三木茂,1,50000,1000000,1,5,4,5,4,6,6,2,2,2,1,6,2,6,4,3,4,4,5,6,3,5,4,7,3,6,7,7,3,6,5,3,3,3,7,6,2,3,3,4,3,3,4,6,7,3,5,5,5,3,3,5,4,5,4,4,5,4,5,5,3,4,3,6,5,4,4,2,4,3,3,3,3,4,2,1,1,4,7,1,2,3,6,4,2,2,3,3,3,7,2,1,5,3,1,4,4,7,3,2,4,4,3,1,3,2,1,6,5,3,2,2,2,2,2,1,2,3,6,2,4,4,3,2,5,3,5,6,4
m89789290137,33,大阪府,女性,既婚,パート・アルバイト,商社・卸売り・小売業,500万〜600万未満,賃貸（アパート）,あり,桜井和寿,1,0,10000,5,7,5,6,6,6,7,1,5,7,6,7,7,1,1,1,2,2,1,1,1,1,4,1,2,1,4,5,6,6,5,5,5,4,3,5,2,2,2,2,1,1,2,5,4,4,4,2,6,1,5,2,2,4,4,4,2,2,6,6,4,5,1,1,4,4,7,7,7,6,1,1,1,1,1,1,1,1,1,2,4,1,5,7,4,3,1,1,4,7,1,1,1,1,1,3,1,2,1,1,1,1,1,5,1,6,4,2,7,7,4,2,7,7,7,7,7,6,6,6,6,2,2,5,5,2,4,5,2
m8970229000,43,東京都,女性,既婚,パート・アルバイト,医療・福祉,700万〜800万未満,持ち家（マンション）,あり,ドリカム,3,1000,10000,4,4,5,5,5,5,5,5,5,5,6,6,6,6,6,5,4,5,4,3,4,4,4,4,4,4,4,4,4,4,4,4,4,3,4,4,4,4,4,4,4,4,4,4,4,4,4,3,4,4,5,4,4,4,4,4,4,4,4,4,4,4,4,4,4,4,4,4,4,3,4,4,4,3,4,4,4,6,5,6,4,4,4,4,4,4,4,4,4,5,4,4,3,3,3,4,4,4,4,4,4,4,4,4,4,4,4,4,4,4,4,4,4,4,4,4,4,4,4,4,4,4,4,4,4,4,4,4,4
m8964707600,42,茨城県,女性,既婚,専業主婦,勤めていない,300万〜400万未満,持ち家（マンション）,なし,安室奈美恵,2,0,0,7,7,6,5,5,5,4,3,2,4,5,6,5,3,6,5,4,5,3,3,4,5,4,5,5,4,4,4,6,4,3,3,6,3,4,3,1,1,2,4,5,5,2,4,6,2,2,3,3,5,5,4,3,4,6,4,2,3,5,5,3,5,6,4,3,6,3,2,3,4,4,3,2,3,3,3,2,3,4,6,3,2,5,3,4,1,7,1,1,1,1,1,1,1,1,1,1,1,1,1,1,1,1,1,1,2,3,3,4,6,6,3,3,3,5,6,5,3,3,4,3,2,3,3,2,3,3,1,5
m89788724446,56,奈良県,男性,既婚,会社員(正社員),金融・証券・保険業,"1,000万〜1,200万未満",持ち家（一戸建て）,あり,コブクロ,1,30000,50000,6,6,6,6,6,6,6,1,6,6,6,6,5,4,3,2,2,2,2,2,5,2,5,4,1,1,2,2,4,2,6,5,3,4,5,2,4,5,5,5,5,5,5,6,4,2,2,2,2,5,4,2,5,4,5,5,5,4,5,4,4,2,5,5,5,4,5,6,6,6,2,2,2,2,4,4,5,5,5,4,5,5,5,4,5,4,4,4,4,4,4,4,2,2,4,6,3,3,3,3,3,3,3,3,3,6,2,2,6,6,6,2,5,6,6,6,6,6,6,6,5,2,5,6,6,4,5,5,2
m8970621353,46,神奈川県,女性,未婚,自由業,情報通信業,"1,000万〜1,200万未満",賃貸（マンション）,なし,"The Wannadies",3,0,10000,7,6,7,7,7,7,7,1,7,7,7,7,7,3,1,3,5,5,4,1,6,3,7,4,1,1,4,4,4,4,4,4,1,7,7,4,4,4,4,4,4,5,4,4,1,1,1,1,1,5,3,1,1,1,7,5,4,1,4,5,4,5,5,5,5,5,5,5,7,6,5,4,1,4,5,4,7,7,7,1,5,5,5,7,2,5,4,4,4,7,2,1,1,1,1,7,3,5,4,3,5,1,1,1,1,5,5,1,5,6,7,1,5,5,5,6,7,6,5,5,6,3,5,5,5,7,3,5,1
m8971698486,36,茨城県,女性,未婚,パート・アルバイト,その他,500万〜600万未満,持ち家（一戸建て）,なし,あの,2,1200,5000,6,6,6,6,4,5,5,4,7,5,5,4,5,5,1,1,4,1,3,3,5,4,5,1,1,4,7,7,6,4,5,4,5,4,3,3,4,6,4,5,4,4,4,4,3,2,1,1,2,5,1,1,1,1,4,4,4,1,4,4,4,5,4,4,4,4,5,4,4,4,4,4,3,4,4,1,4,4,4,3,4,2,3,5,3,5,4,3,7,4,1,6,1,1,5,1,1,2,1,2,1,1,2,1,1,4,1,4,4,3,1,4,4,4,5,6,5,2,5,4,5,4,4,6,5,6,5,4,4
m89789790375,32,東京都,女性,既婚,自営業,その他,100万〜200万未満,その他,なし,ザゼンボーイズ,3,5000,10000,6,6,6,6,5,5,6,2,4,6,6,5,6,3,1,1,4,3,1,1,4,1,5,1,1,1,5,4,4,4,5,5,2,6,4,4,4,4,3,4,2,4,4,5,2,3,3,4,5,1,5,3,2,4,6,6,3,5,4,5,4,4,4,5,5,4,4,4,5,5,1,1,1,2,2,1,4,4,4,2,5,5,5,6,4,2,4,1,1,4,1,1,1,1,1,4,4,2,1,2,1,2,1,4,5,4,4,2,6,6,4,4,7,6,5,6,5,5,5,5,4,4,4,4,4,4,4,5,4
m8998569670,60,東京都,男性,既婚,会社員(正社員),製造業,"1,200万〜1,500万未満",持ち家（マンション）,あり,サザンオールスターズ,3,0,0,7,7,7,7,5,5,5,1,5,6,5,5,6,1,1,1,1,1,1,1,2,2,5,4,2,2,2,2,2,2,4,4,4,6,3,6,4,4,4,4,3,3,5,5,5,4,4,4,6,1,3,2,2,4,4,3,5,2,4,4,3,4,4,4,5,4,4,5,5,5,2,2,2,2,2,2,4,4,4,4,4,4,5,5,4,1,1,1,1,1,1,1,1,1,1,1,1,1,1,1,1,1,1,1,1,5,1,1,4,4,4,1,6,4,4,4,4,6,5,5,4,3,4,4,4,5,4,4,2
m8972496016,36,愛知県,男性,既婚,会社員(正社員),商社・卸売り・小売業,700万〜800万未満,賃貸（アパート）,あり,バッドホップ,1,5000,20000,6,6,5,5,6,6,6,6,6,7,7,6,6,6,6,5,5,5,5,6,6,5,5,5,5,5,5,6,4,6,6,4,4,3,3,3,4,4,5,5,5,6,3,4,5,3,4,5,5,5,5,5,5,5,5,5,5,5,5,4,5,5,4,5,5,4,5,5,5,5,4,5,3,4,5,5,4,4,4,5,5,4,5,5,5,4,4,4,5,5,5,5,4,5,5,6,5,5,5,5,3,4,5,3,2,4,4,3,5,5,4,4,4,4,4,4,5,5,5,6,4,4,4,5,5,4,4,5,5
m89788977639,47,東京都,女性,既婚,会社員(正社員),製造業,"1,000万〜1,200万未満",持ち家（一戸建て）,なし,スピッツ,2,0,20000,6,7,4,5,5,5,7,1,5,7,6,6,7,2,1,1,1,1,1,1,3,4,4,2,4,1,4,5,6,5,4,7,4,7,3,2,2,3,4,5,5,5,5,4,5,4,3,3,3,3,4,3,3,3,4,5,4,5,4,5,4,5,6,4,6,6,6,5,7,6,6,6,6,4,4,4,5,4,3,4,5,2,3,4,5,4,3,3,2,4,2,3,2,1,1,3,2,1,1,1,1,1,1,1,1,1,1,1,6,6,4,3,2,4,6,6,4,4,4,3,4,4,4,3,4,4,5,5,3
m8974565838,69,東京都,男性,既婚,パート・アルバイト,サービス業,500万〜600万未満,賃貸（マンション）,あり,柴田淳,2,4800,5000,7,6,6,7,5,5,5,4,6,5,7,5,6,4,2,2,4,1,2,1,5,3,5,4,6,5,5,6,6,4,6,6,3,4,5,2,4,4,3,4,3,4,5,5,2,1,2,1,2,5,3,1,2,2,4,3,4,2,2,7,1,3,4,3,3,4,5,5,5,5,5,5,3,2,4,3,3,4,4,5,5,5,5,6,6,5,4,3,2,6,2,1,2,1,1,3,2,5,5,2,1,1,1,2,3,6,2,2,5,5,5,2,6,5,6,6,5,4,2,3,5,5,2,2,1,6,1,2,2
m8971006895,39,宮城県,男性,既婚,会社員(正社員),建設業,800万〜900万未満,持ち家（一戸建て）,あり,"10-FEET ",1,5000,10000,7,4,6,7,3,7,7,4,6,6,6,6,6,3,1,4,5,1,1,1,4,1,3,1,1,1,1,1,1,1,6,4,6,5,5,5,6,5,5,5,5,5,6,6,1,1,2,1,1,1,2,1,2,3,5,5,5,4,5,4,3,5,2,5,5,5,6,5,7,5,2,2,1,3,2,1,2,4,4,4,5,5,5,5,6,3,5,2,2,5,3,5,1,1,1,5,3,5,2,1,3,2,3,2,3,5,5,2,6,5,4,2,5,5,5,6,5,5,4,4,5,3,5,5,3,5,4,3,3
m8991779061,57,埼玉県,男性,既婚,会社員(正社員),商社・卸売り・小売業,"1,200万〜1,500万未満",持ち家（マンション）,あり,サザンオールスターズ,1,0,50000,7,6,6,6,4,6,6,1,7,7,7,7,5,2,1,4,4,2,2,3,4,4,4,3,1,1,1,1,1,1,5,4,2,4,4,4,2,1,2,2,4,5,5,5,2,4,4,4,2,5,1,1,1,7,6,6,5,1,6,6,3,3,3,6,4,4,7,7,7,6,1,1,1,1,1,2,5,4,5,5,4,4,5,7,6,6,6,4,6,7,3,1,1,1,2,7,7,7,5,1,1,2,2,4,4,6,3,3,7,6,2,4,7,7,7,7,5,2,2,2,2,6,4,2,2,7,1,2,3
m89788421999,39,埼玉県,女性,未婚,会社員（契約・派遣社員）,サービス業,300万〜400万未満,賃貸（マンション）,なし,ハナレグミ,2,20000,20000,7,6,7,7,7,7,7,2,6,7,7,5,7,4,2,1,1,1,2,1,2,1,5,1,1,1,3,4,6,4,5,7,4,6,5,4,4,4,4,4,4,3,5,5,1,2,2,2,3,6,2,3,2,3,4,5,5,4,4,7,3,5,2,2,4,4,4,5,6,5,2,2,1,1,1,1,5,2,3,4,3,4,5,5,6,3,2,1,1,7,1,1,1,1,2,1,1,1,1,1,1,1,1,1,1,5,4,3,5,5,4,2,5,5,5,5,3,5,5,5,5,5,4,3,2,6,2,5,3
m89789239705,52,神奈川県,男性,未婚,会社員(正社員),医療・福祉,300万〜400万未満,賃貸（アパート）,なし,BUCK-TICK,3,0,10000,6,6,6,6,6,6,6,1,6,6,6,6,6,3,1,1,1,1,4,1,1,2,5,5,1,1,6,6,5,5,4,4,6,4,4,1,4,2,2,4,6,6,2,5,1,4,4,4,2,5,1,1,1,6,5,4,5,1,5,4,5,6,4,4,6,6,6,6,6,6,1,1,2,4,4,4,5,5,5,4,5,4,5,6,4,3,1,1,4,4,1,1,1,1,1,5,1,2,1,4,1,1,1,1,1,5,1,4,6,6,6,6,6,6,6,6,6,5,5,5,5,4,4,4,2,6,2,2,4
m8971444736,58,大阪府,男性,既婚,会社員(正社員),電気・ガス・水道業,200万〜300万未満,持ち家（一戸建て）,なし,矢沢永吉,1,58,3000,2,3,4,3,2,3,2,3,3,3,3,3,2,3,2,3,3,3,2,3,2,4,2,3,3,3,3,4,3,3,3,3,3,3,3,3,3,2,3,3,4,3,2,3,2,3,3,3,3,3,4,3,3,3,3,3,3,3,2,3,4,3,3,4,2,3,3,3,3,3,5,3,4,3,3,3,3,3,3,3,4,4,3,3,3,4,3,3,2,3,3,3,3,3,3,5,4,4,3,4,2,3,2,2,3,3,2,2,2,2,2,3,3,2,2,2,2,4,3,2,3,2,3,3,3,3,3,2,3
m89789301575,49,愛媛県,女性,未婚,パート・アルバイト,製造業,100万〜200万未満,賃貸（一戸建て）,あり,ダイスケ,1,3000,5000,7,7,7,7,6,6,6,1,6,7,7,6,6,5,4,5,4,5,5,2,4,3,5,4,2,4,6,6,6,6,7,6,6,4,5,4,4,4,2,3,4,5,4,5,6,6,6,5,6,2,2,2,3,4,2,2,1,1,5,5,1,1,2,2,6,6,5,6,6,6,1,1,1,2,3,4,5,5,5,4,5,4,3,5,5,3,4,3,2,5,2,3,2,2,4,6,3,2,2,2,2,1,1,1,1,6,5,4,7,6,4,4,4,5,6,6,6,5,7,7,6,2,5,5,3,3,2,3,4
m8970849963,34,埼玉県,女性,未婚,医師・医療関係者,医療・福祉,700万〜800万未満,持ち家（マンション）,なし,ザ・クロマニヨンズ,1,12000,30000,7,7,7,7,7,7,7,1,7,7,7,7,7,5,1,4,7,3,1,1,6,6,7,4,1,1,7,7,6,3,1,7,7,7,3,7,5,6,1,6,4,1,5,7,1,1,1,1,1,1,1,1,1,1,5,3,4,1,1,1,1,7,7,4,7,7,6,5,6,4,1,1,1,1,1,1,6,5,5,1,6,5,5,7,2,7,7,5,6,7,5,5,1,1,7,7,1,7,1,5,6,1,5,5,1,6,1,1,7,7,1,1,7,4,7,7,6,5,7,6,5,5,1,1,1,5,1,1,1
m89788764827,39,静岡県,女性,未婚,パート・アルバイト,その他,100万未満,賃貸（マンション）,なし,乃木坂,3,0,0,3,4,4,4,4,5,5,4,4,4,5,5,4,4,4,4,4,2,4,4,4,4,4,4,4,3,4,4,4,4,4,4,4,4,5,4,4,4,4,4,4,4,4,4,4,4,4,4,4,4,4,4,4,4,4,4,5,4,4,4,4,4,3,4,4,4,4,4,4,4,4,4,4,4,4,4,4,4,4,4,4,4,4,4,4,4,4,4,3,4,4,4,3,4,4,4,4,4,4,4,4,4,4,4,4,4,4,4,4,4,4,4,4,4,4,4,4,5,4,4,4,4,4,4,4,4,4,4,4
m89789634935,50,北海道,男性,未婚,自営業,情報通信業,300万〜400万未満,持ち家（一戸建て）,なし,Chvrches,2,0,3000,5,5,5,5,5,4,5,3,4,4,4,4,5,2,1,1,3,2,3,1,3,1,2,1,1,1,3,2,5,4,4,5,3,5,4,6,4,3,1,2,2,2,2,2,5,3,1,2,6,1,2,2,1,2,1,2,2,1,4,4,1,1,1,1,1,1,4,4,4,4,1,1,1,1,1,1,1,1,1,1,1,1,5,3,2,4,1,1,1,5,1,1,1,1,1,1,1,2,1,1,1,1,1,1,1,4,1,4,4,4,4,4,4,4,6,6,4,1,1,1,1,6,1,1,1,7,1,1,6
m89788393604,25,兵庫県,女性,既婚,会社員(正社員),医療・福祉,700万〜800万未満,賃貸（アパート）,あり,niziu,3,0,50000,6,5,6,5,4,7,6,3,5,5,7,7,6,4,2,2,4,3,4,1,5,3,5,5,1,1,7,7,7,6,6,3,2,7,7,6,4,5,5,4,4,4,5,5,6,6,6,6,2,4,5,2,3,3,2,4,4,2,7,7,2,4,5,5,5,6,6,6,6,6,1,1,1,1,2,2,7,7,7,5,4,4,5,7,7,6,6,4,4,5,2,4,4,4,4,5,2,7,3,2,5,2,2,5,3,4,4,2,5,6,6,2,4,4,7,7,7,7,7,7,3,3,5,5,3,2,5,5,2
m8970269970,42,沖縄県,男性,既婚,会社員(正社員),建設業,200万〜300万未満,持ち家（一戸建て）,あり,ハイスタ,1,0,0,7,7,7,7,7,7,7,1,7,7,7,7,7,7,4,7,7,7,3,1,7,5,7,7,1,1,4,1,7,6,7,7,7,7,7,4,3,7,7,7,5,5,7,7,7,4,7,7,7,7,7,1,7,7,7,7,7,7,7,7,4,7,7,7,7,7,7,7,7,7,2,2,1,7,7,4,7,7,7,7,7,7,5,7,7,5,5,3,6,7,7,7,4,4,4,7,7,7,7,7,7,4,4,7,7,7,7,7,7,7,7,7,7,7,7,7,7,7,7,7,7,7,7,7,4,1,3,7,4
m8972002793,45,愛知県,女性,既婚,パート・アルバイト,製造業,500万〜600万未満,持ち家（一戸建て）,あり,"ONE OK ROCK ",1,30000,50000,7,7,7,7,7,7,7,1,7,7,6,6,6,3,4,3,3,4,5,4,4,4,6,4,6,6,5,4,5,5,5,6,7,4,5,3,4,4,3,4,4,6,5,7,4,4,4,3,3,4,4,3,1,5,3,2,1,1,4,7,3,4,4,5,7,7,7,7,7,7,4,1,1,3,4,4,6,5,5,4,4,6,5,7,4,5,6,2,4,7,2,2,2,2,1,7,4,4,2,2,2,1,1,4,1,4,1,1,7,7,4,1,7,7,5,5,7,7,7,7,7,3,7,7,7,1,3,4,3
m89789044545,29,静岡県,女性,既婚,医師・医療関係者,医療・福祉,"900万〜1,000万未満",賃貸（一戸建て）,なし,村下孝蔵,1,500,30000,7,7,7,7,7,7,7,1,7,7,7,6,7,4,2,3,6,3,4,1,5,5,6,6,1,1,4,4,4,4,6,6,7,4,7,5,5,5,2,6,4,7,7,7,2,2,4,2,5,2,5,1,1,4,7,7,1,1,5,7,3,5,6,6,5,6,7,7,7,6,1,1,2,4,5,3,5,5,5,6,7,5,5,7,7,2,5,1,7,6,3,1,1,1,2,5,1,4,4,1,6,1,1,4,7,7,7,4,7,7,7,4,7,7,7,7,7,5,6,6,4,2,3,5,5,3,4,5,3
m89789096335,56,埼玉県,男性,既婚,会社員(正社員),製造業,500万〜600万未満,持ち家（一戸建て）,あり,あいみょん,1,10000,20000,7,6,7,7,7,7,7,1,6,6,6,6,6,4,1,1,1,1,1,1,1,1,1,7,1,1,6,6,5,4,5,5,2,6,4,1,4,1,1,1,1,6,1,4,2,2,2,2,2,6,1,1,1,5,1,1,1,1,5,5,2,3,1,1,6,6,6,7,7,7,1,1,1,1,1,1,1,1,1,1,1,1,5,6,1,5,5,2,2,5,1,1,1,1,1,5,1,5,1,1,1,1,1,1,1,7,1,1,7,7,1,1,7,5,7,7,5,4,5,5,4,4,4,4,3,5,2,4,2
m8971371198,27,埼玉県,女性,未婚,会社員(正社員),医療・福祉,800万〜900万未満,持ち家（一戸建て）,なし,"THE ORAL CIGARETTETS",1,0,120000,7,7,7,7,7,7,7,1,7,7,7,7,7,1,1,1,1,1,1,1,1,1,1,1,1,5,5,5,5,1,1,5,5,7,1,7,1,5,1,1,1,1,5,1,1,1,1,1,5,1,1,1,1,1,7,5,1,1,1,5,1,5,1,1,1,1,1,4,1,1,7,7,1,1,1,1,1,1,1,1,1,1,5,5,1,1,1,1,5,5,1,1,1,1,1,1,1,1,1,1,1,1,1,1,1,1,1,1,1,1,1,1,1,1,1,1,1,7,7,7,7,1,7,7,4,7,5,5,5
m896165573,38,東京都,女性,既婚,会社員(正社員),製造業,600万〜700万未満,持ち家（マンション）,あり,なし,3,0,0,6,5,5,4,5,4,5,7,4,5,3,4,5,5,2,4,6,4,5,3,4,4,4,5,6,5,6,7,6,5,4,4,6,4,5,5,5,6,6,5,4,4,6,4,6,5,3,3,5,4,4,5,6,5,6,5,7,2,4,7,3,5,6,5,5,3,5,2,5,5,3,6,4,5,4,5,6,4,6,2,5,6,3,6,5,4,6,3,5,6,6,7,5,6,4,5,7,6,3,4,6,4,4,4,6,3,3,5,7,6,4,5,5,4,5,5,3,5,5,4,5,7,2,5,5,3,4,4,5
m89789625618,34,北海道,女性,未婚,パート・アルバイト,製造業,200万〜300万未満,賃貸（アパート）,なし,angela,3,5000,10000,7,7,7,7,5,5,7,1,5,7,7,5,7,2,1,1,4,1,1,1,1,1,4,1,1,1,6,4,1,1,5,4,1,7,5,6,1,1,1,1,1,4,4,5,1,1,1,1,1,5,1,1,1,5,5,5,1,1,6,7,1,3,1,4,7,6,5,7,7,7,1,1,1,1,1,1,1,1,1,1,1,1,5,5,4,7,4,2,1,1,1,1,1,5,6,5,1,5,1,1,1,1,1,1,1,7,1,1,7,7,1,1,7,7,7,7,4,1,5,1,1,7,1,1,1,7,1,1,7
m8972109613,33,北海道,女性,既婚,その他,建設業,400万〜500万未満,持ち家（一戸建て）,あり,B’z,1,0,0,6,7,7,6,5,6,6,1,4,7,6,5,5,2,1,1,2,2,1,1,1,1,2,1,1,1,4,4,5,5,4,6,3,3,3,2,2,2,2,2,2,2,1,2,2,3,4,2,3,2,3,3,2,2,3,3,2,2,5,4,2,3,2,4,2,2,5,6,6,6,3,3,2,1,2,2,1,2,2,2,3,2,3,1,2,3,3,2,1,6,2,2,1,1,1,1,2,1,2,1,1,1,1,1,1,1,2,2,2,2,2,2,3,1,2,2,2,2,2,1,2,1,1,2,2,2,2,2,2
m8970502990,53,岩手県,女性,既婚,パート・アルバイト,商社・卸売り・小売業,300万〜400万未満,賃貸（アパート）,あり,桜井敦司,1,10000,10000,7,7,7,7,7,7,7,1,7,7,7,7,7,5,4,4,5,5,5,2,6,4,6,4,2,2,7,7,7,7,7,7,6,2,4,5,4,6,2,5,4,2,5,6,2,1,1,2,2,6,5,1,1,6,5,3,2,2,2,2,1,6,2,2,3,7,6,6,7,6,6,5,2,4,2,3,6,6,6,4,5,4,3,7,2,4,7,4,3,6,4,2,2,2,2,2,2,6,2,2,2,2,2,2,2,6,2,3,7,7,2,6,6,6,7,7,7,6,7,5,4,2,4,4,2,6,2,4,1
m89788384211,44,福井県,女性,既婚,専業主婦,勤めていない,"1,000万〜1,200万未満",持ち家（一戸建て）,なし,"YUKI  ",2,15000,30000,7,7,7,7,7,7,7,2,7,7,7,7,7,4,2,4,5,5,4,1,5,4,6,4,2,1,5,5,7,5,6,5,4,4,4,4,5,6,4,6,5,5,7,7,4,3,4,2,3,6,1,1,1,4,5,4,3,3,4,5,4,4,4,5,5,5,5,7,5,6,3,3,1,4,4,4,6,5,6,5,6,5,5,7,4,7,7,5,5,7,4,7,2,3,5,6,1,5,4,4,3,4,1,1,2,6,4,1,7,7,6,1,7,7,7,7,7,4,3,4,3,4,5,4,3,5,3,4,4
m8970249305,45,埼玉県,男性,未婚,会社員(正社員),商社・卸売り・小売業,400万〜500万未満,持ち家（一戸建て）,なし,シングライクトーキング,1,10000,20000,5,6,6,5,5,5,5,1,5,5,5,5,5,4,4,4,5,4,4,4,4,4,5,4,1,1,4,4,4,4,4,5,4,4,4,4,4,4,5,5,4,4,4,4,4,4,4,4,5,4,2,3,3,3,3,3,3,3,4,5,3,3,4,5,4,4,4,5,4,4,1,1,2,1,3,4,4,4,4,5,4,5,5,5,5,3,3,3,4,4,1,1,1,1,1,5,1,5,3,1,1,2,1,1,1,5,2,3,3,3,2,1,1,2,3,3,4,1,2,1,2,5,1,1,1,7,2,1,7
m89788412902,49,埼玉県,女性,既婚,専業主婦,勤めていない,200万〜300万未満,持ち家（マンション）,あり,NiziU,2,3000,5000,6,6,6,6,6,7,7,1,6,6,6,7,7,5,2,2,2,3,2,1,4,2,4,2,1,1,7,6,6,6,7,6,5,4,5,5,3,2,2,4,2,4,5,4,5,4,5,5,2,5,3,2,1,5,5,5,5,4,7,7,3,6,1,2,7,5,5,6,6,7,1,1,1,1,1,6,6,6,6,6,6,5,5,7,6,6,6,1,2,2,2,1,1,1,1,5,1,5,1,1,1,1,1,5,5,7,2,1,7,7,6,1,7,6,7,7,7,6,7,7,6,2,2,3,2,5,2,5,1
m8971490947,52,福島県,男性,既婚,会社員(正社員),運送・輸送業,500万〜600万未満,賃貸（マンション）,あり,B'z,1,500000,20000,6,6,5,5,6,6,6,2,6,5,5,6,5,4,4,4,5,5,4,3,5,5,5,5,4,3,5,5,5,4,5,5,5,5,6,4,5,5,5,5,5,5,5,5,5,5,5,4,4,6,2,2,2,5,6,6,6,5,6,6,6,7,6,6,5,5,5,5,5,5,2,2,2,5,5,5,5,5,5,5,6,6,5,6,5,5,6,4,5,6,6,5,4,4,5,5,5,5,5,4,5,4,5,4,6,5,5,5,6,6,6,2,6,6,6,6,6,4,4,4,5,4,4,4,4,6,4,4,4
m89787958437,43,茨城県,女性,未婚,無職,勤めていない,400万〜500万未満,持ち家（一戸建て）,なし,ゆず,1,30000,100000,5,6,5,5,5,5,6,2,6,5,6,7,6,5,2,3,5,4,3,3,4,3,4,4,5,3,6,5,6,5,6,7,4,5,6,5,4,4,3,5,5,6,5,6,5,4,4,4,5,3,2,2,2,4,3,3,5,2,6,6,3,2,4,2,1,6,5,6,5,5,1,2,1,4,3,4,3,5,5,5,5,5,3,7,5,6,5,2,6,5,2,3,5,1,5,3,3,5,3,2,2,2,2,5,3,5,2,2,5,5,4,4,5,5,5,5,5,5,5,4,4,3,2,2,2,7,1,3,5
m89788191287,23,埼玉県,男性,未婚,公務員（教職員を除く）,その他,500万〜600万未満,持ち家（一戸建て）,なし,Mr.Children,1,30000,50000,7,6,7,7,7,7,7,3,7,7,6,7,7,5,3,5,6,4,4,4,5,3,6,4,2,5,5,6,6,6,7,7,5,4,7,6,6,7,7,7,4,5,7,7,7,5,5,6,7,1,7,2,7,7,7,7,7,5,7,7,7,5,4,6,7,7,7,7,7,7,4,4,1,2,5,5,7,7,7,6,7,7,5,7,6,6,7,7,7,7,6,6,4,2,7,7,6,7,4,5,6,5,6,7,7,7,5,6,7,7,7,6,7,6,7,7,7,4,4,3,4,4,4,4,7,7,7,3,4
m8971353775,51,東京都,女性,既婚,専業主婦,勤めていない,300万〜400万未満,持ち家（マンション）,なし,スピッツ,1,15000,30000,6,6,5,5,4,5,5,3,5,5,5,5,5,4,4,4,4,4,3,3,4,4,4,3,3,3,3,3,3,3,5,4,4,4,3,5,5,5,4,4,4,4,4,3,3,2,3,4,5,5,4,3,3,3,3,3,2,2,3,3,3,3,3,3,3,2,5,4,5,5,4,5,4,4,4,4,4,5,4,5,4,4,3,4,3,4,3,3,4,5,4,4,2,2,2,4,4,3,2,2,2,2,2,2,2,2,2,2,2,2,2,4,4,4,4,4,3,4,3,3,4,4,4,4,4,4,3,3,3
m8972494277,27,東京都,女性,既婚,専業主婦,勤めていない,300万〜400万未満,賃貸（マンション）,なし,清水翔太,2,10000,20000,7,7,7,7,6,7,7,1,6,7,7,7,7,5,4,4,5,5,5,3,5,4,7,5,5,5,2,2,6,5,6,4,3,6,6,2,2,2,2,5,1,1,5,5,1,1,1,1,1,5,1,1,1,5,5,5,5,2,5,5,2,6,2,2,7,5,5,6,4,6,2,2,2,4,5,2,6,6,6,3,5,6,5,7,6,6,6,5,7,7,3,5,2,6,6,7,1,4,1,1,1,1,1,2,2,7,2,7,7,7,5,1,7,7,7,7,6,2,5,4,4,5,4,4,6,6,1,4,4
m89787991495,46,熊本県,女性,既婚,パート・アルバイト,電気・ガス・水道業,800万〜900万未満,持ち家（一戸建て）,あり,あいみょん,2,15000,30000,7,7,7,7,7,7,7,1,7,7,7,7,7,2,2,2,2,2,2,1,5,2,5,4,1,1,4,4,4,4,6,7,4,2,2,4,4,4,2,2,2,2,6,6,3,2,2,2,2,6,5,2,3,6,6,6,6,4,6,7,2,4,2,3,6,6,6,6,7,7,2,2,2,2,2,2,4,4,4,4,4,4,5,7,7,7,7,7,7,7,5,6,2,2,7,7,7,7,7,7,7,2,7,6,2,7,1,1,7,7,4,1,6,6,7,7,6,6,6,6,6,4,6,6,5,4,4,5,1
m89788186254,54,愛知県,男性,既婚,会社員(正社員),サービス業,"1,000万〜1,200万未満",持ち家（マンション）,あり,岡本悟史,1,10000,20000,7,7,7,7,6,7,5,2,6,6,7,7,7,4,2,1,1,1,1,1,2,1,3,4,1,1,4,4,4,4,4,4,5,6,4,4,4,4,1,1,1,1,4,4,1,1,1,1,1,6,1,1,1,2,4,4,4,1,1,1,1,1,1,1,1,1,1,5,1,4,1,1,1,1,1,1,1,1,1,1,1,1,3,6,4,2,1,1,7,4,1,1,1,1,1,7,1,1,1,1,1,1,1,1,1,6,4,2,5,5,4,1,6,4,6,5,2,4,4,4,4,6,4,4,4,7,1,4,6
m8970544874,19,山口県,女性,未婚,学生,勤めていない,200万〜300万未満,持ち家（一戸建て）,なし,sumika,1,7000,10000,7,6,6,6,6,4,6,5,6,6,5,5,5,6,6,5,6,6,6,5,5,4,5,4,4,3,6,6,5,5,5,4,5,5,5,5,5,5,5,5,4,5,3,4,5,5,5,5,4,5,5,6,5,5,5,5,4,4,4,4,5,5,5,5,2,5,5,5,5,3,5,4,4,4,5,5,5,4,5,4,4,5,5,4,5,4,4,5,5,5,5,5,5,5,4,5,5,5,5,5,5,6,5,6,5,5,5,5,5,6,5,5,6,6,6,6,5,5,6,5,5,5,5,4,4,5,4,5,5
m8993759361,41,岐阜県,男性,未婚,会社員(正社員),製造業,700万〜800万未満,持ち家（一戸建て）,なし,稲葉,1,10000,10000,2,4,2,2,2,1,4,4,3,4,2,3,4,4,4,3,4,4,3,5,2,4,3,3,4,2,2,4,2,3,2,2,2,2,4,3,2,2,2,3,3,2,3,3,3,2,2,3,4,2,3,2,2,2,4,3,2,2,2,3,2,4,1,1,2,4,1,1,4,7,3,3,4,4,3,1,2,2,2,2,2,3,5,4,2,3,3,3,3,3,3,3,4,2,2,3,5,2,3,5,2,4,2,2,4,3,2,4,3,2,2,3,3,4,4,3,3,4,4,3,3,2,3,4,3,3,3,3,4
m8971181356,25,福岡県,女性,未婚,会社員(正社員),その他,100万〜200万未満,その他,なし,ニッキーミナージュ,2,7000,0,1,5,3,7,3,6,2,1,5,2,3,2,3,1,1,1,2,2,1,1,1,1,1,1,1,5,2,4,4,1,7,3,2,2,1,2,1,4,3,2,7,3,4,3,1,4,3,2,2,2,4,2,3,4,2,2,3,4,5,2,6,2,2,4,1,1,3,1,4,2,7,3,6,4,1,1,1,1,1,1,4,4,2,2,2,5,3,4,2,4,3,5,3,5,2,6,3,3,2,3,5,3,4,4,2,4,2,2,2,1,1,3,2,1,1,1,1,2,2,1,1,5,2,6,3,2,2,1,1
m89788772445,39,北海道,女性,既婚,会社員(正社員),医療・福祉,300万〜400万未満,持ち家（マンション）,なし,米津玄師,1,10000,30000,7,7,7,7,7,7,7,1,7,7,7,7,7,5,2,3,5,4,4,2,7,3,7,7,7,4,7,7,7,7,7,7,5,3,5,3,4,4,1,4,4,4,5,7,4,3,4,2,1,5,1,2,1,5,7,5,4,3,7,7,2,5,2,3,7,7,7,7,7,7,1,1,1,2,4,1,7,7,7,6,7,7,5,7,7,7,7,5,7,7,4,7,1,4,6,7,6,7,6,1,1,1,4,6,7,6,1,1,7,7,4,1,7,7,7,7,7,3,6,4,4,5,4,4,4,5,4,4,4
m89789281873,47,北海道,女性,既婚,専業主婦,勤めていない,500万〜600万未満,社宅,あり,ユーミン,2,10000,3000,7,7,7,7,7,7,7,1,7,7,7,7,7,4,4,4,4,4,4,4,4,4,5,4,4,4,7,7,7,7,7,7,4,7,7,4,7,4,6,7,6,7,6,7,7,7,7,7,4,4,4,1,4,7,7,7,4,7,7,7,4,4,4,7,7,7,7,7,7,7,1,1,1,4,4,4,7,7,7,4,7,7,5,7,7,4,7,4,4,7,4,4,4,4,4,4,4,4,4,6,4,4,4,4,4,7,4,4,7,7,4,7,7,4,4,7,7,7,7,7,7,7,4,1,1,7,1,1,5
m89788307672,36,静岡県,女性,既婚,会社員(正社員),金融・証券・保険業,500万〜600万未満,持ち家（一戸建て）,なし,米津玄師,1,105000,150000,7,7,7,7,7,7,7,2,7,7,7,7,7,6,2,4,6,4,5,1,7,6,7,6,5,1,7,6,5,5,7,7,6,7,7,5,5,4,2,5,4,5,7,7,1,1,1,1,1,7,2,1,1,7,6,5,4,4,7,7,6,6,5,6,7,7,7,7,7,7,5,2,5,4,5,4,7,7,7,6,7,7,5,7,7,7,7,6,7,7,6,7,5,2,7,7,6,7,7,5,5,2,5,6,6,7,6,7,7,7,5,1,6,6,7,7,7,6,5,4,5,2,5,6,2,5,2,6,2
m899504475,42,千葉県,男性,既婚,会社員(正社員),サービス業,400万〜500万未満,持ち家（一戸建て）,あり,矢井田瞳,2,5000,10000,7,6,6,5,5,6,6,6,6,6,7,5,6,1,1,1,1,1,1,1,1,1,4,4,1,1,4,4,4,4,5,5,4,7,5,7,4,4,1,1,1,4,1,1,1,1,1,1,1,6,1,1,1,1,6,6,4,1,6,1,4,5,1,1,7,1,4,5,5,5,1,1,1,1,1,1,6,5,5,4,4,4,5,6,4,6,6,5,7,5,4,4,1,1,1,7,1,1,1,1,1,1,1,1,1,6,1,1,6,7,5,1,6,6,7,7,5,3,4,4,1,4,1,1,1,7,1,4,6
m8961813236,48,埼玉県,男性,既婚,会社員(正社員),製造業,700万〜800万未満,持ち家（一戸建て）,あり,ｆｓｇｓｇｆｓｇｆｇｓ,2,2017,80000,5,5,4,3,3,3,4,5,5,5,3,4,4,3,3,4,5,5,5,4,5,5,5,3,3,4,5,6,6,6,4,3,3,3,4,5,5,6,4,4,4,4,4,3,5,5,4,3,3,4,6,5,5,4,4,3,5,5,5,5,5,5,4,3,3,3,4,5,5,4,4,3,3,3,4,5,6,5,4,3,3,3,4,5,4,6,5,5,4,4,3,4,4,5,5,3,3,4,5,5,5,6,6,5,4,3,3,4,5,5,4,5,3,3,4,5,5,6,5,5,4,4,4,5,4,3,3,4,4
m8973787868,22,東京都,女性,未婚,会社員(正社員),建設業,100万〜200万未満,賃貸（アパート）,なし,DISH//,3,6000,6000,5,4,5,5,4,5,5,3,5,5,5,5,4,3,2,3,4,4,3,3,3,3,4,2,3,3,5,4,4,4,4,4,4,5,4,5,4,4,4,4,4,4,4,4,4,3,3,4,5,3,2,3,3,4,4,3,4,2,4,5,3,3,4,4,4,4,4,4,4,4,3,3,3,4,4,3,3,4,4,4,3,4,4,4,4,4,5,4,4,4,3,3,1,2,3,3,4,3,3,3,3,3,2,2,2,3,4,3,4,4,4,4,4,4,4,4,5,4,4,4,4,4,4,4,4,4,4,4,4
m8970202142,35,福岡県,女性,既婚,専業主婦,勤めていない,800万〜900万未満,持ち家（一戸建て）,あり,Superfly,2,5000,10000,7,7,7,7,7,7,7,7,7,7,7,7,7,7,1,1,1,1,1,1,1,1,7,1,1,1,7,7,7,7,7,7,7,7,7,7,7,7,7,7,7,7,7,7,7,7,7,7,7,7,1,1,1,1,1,1,1,1,7,7,1,1,1,7,7,7,7,6,6,6,4,3,3,3,3,2,3,3,4,3,3,3,5,7,7,7,7,7,7,7,7,7,7,1,7,7,7,7,7,7,7,1,1,1,1,3,5,4,3,4,3,5,5,5,7,7,7,1,1,1,1,7,7,5,3,7,1,4,7
m8974858503,21,東京都,男性,未婚,会社員（契約・派遣社員）,製造業,"900万〜1,000万未満",持ち家（一戸建て）,あり,金子,1,200,200,1,4,5,1,4,1,2,4,1,4,3,3,1,7,1,7,1,7,1,7,1,7,1,1,7,1,1,7,1,1,7,1,7,7,1,7,1,1,7,2,7,7,1,1,7,1,7,5,1,1,5,7,1,7,1,7,1,7,1,1,7,2,7,1,1,7,1,7,1,6,6,5,7,1,7,1,7,1,1,4,3,7,1,1,3,3,1,7,1,1,7,1,1,7,1,4,1,7,1,7,1,1,7,1,1,2,1,3,1,7,1,3,3,1,7,1,5,3,7,1,1,7,1,7,1,1,7,1,5
m8982602233,47,大阪府,男性,既婚,会社員(正社員),製造業,400万〜500万未満,賃貸（マンション）,あり,　,1,10000,10000,3,5,6,3,6,5,5,5,4,4,6,4,6,5,4,4,7,4,7,3,6,5,7,6,4,4,6,7,5,3,6,6,7,6,4,6,5,7,6,5,7,4,5,5,5,5,7,3,6,6,6,5,7,7,6,4,5,3,7,5,7,4,7,6,7,6,7,6,7,5,6,4,6,6,3,6,4,3,7,5,4,4,7,6,6,6,5,7,6,7,4,7,4,7,4,6,4,6,7,5,7,6,5,2,5,6,4,6,5,6,6,6,7,4,4,6,1,7,5,4,6,5,5,6,4,6,4,4,5
m89788953871,40,北海道,女性,既婚,会社員(正社員),その他,100万〜200万未満,持ち家（一戸建て）,あり,BTS,1,10000,10000,5,5,5,6,6,6,6,1,5,7,5,7,7,7,7,7,6,5,5,5,4,4,4,5,5,4,4,4,4,4,5,5,4,5,6,5,6,6,5,4,4,4,4,5,5,4,3,6,5,4,4,5,4,4,5,5,5,6,5,6,5,5,5,6,6,5,6,5,5,7,5,4,5,6,5,6,5,6,5,5,5,6,4,4,5,6,5,5,6,5,6,7,5,4,4,5,5,4,5,5,6,5,7,5,5,5,6,5,6,5,5,6,5,6,5,5,6,5,5,5,5,3,4,5,4,3,5,5,3
m89788956321,46,新潟県,女性,既婚,パート・アルバイト,建設業,"900万〜1,000万未満",持ち家（一戸建て）,あり,福山雅治,1,20000,50000,6,6,6,6,5,6,6,2,6,6,7,6,6,5,5,5,7,7,4,2,5,3,7,5,1,1,7,7,6,6,7,6,7,4,3,2,4,2,1,2,4,4,6,6,2,1,1,2,1,6,5,1,1,2,7,7,6,6,4,4,4,5,4,2,6,7,7,7,7,7,4,4,1,4,4,4,6,6,6,4,6,6,5,7,5,5,6,4,7,7,4,4,4,1,5,6,4,4,1,1,1,5,3,2,1,7,2,2,6,6,4,2,4,4,2,4,6,5,5,5,7,3,5,6,4,4,3,4,2
m8970498176,33,岐阜県,女性,既婚,会社員(正社員),製造業,700万〜800万未満,持ち家（一戸建て）,あり,ビッグバン,1,5000,20000,7,7,7,7,7,7,7,1,5,6,5,5,5,2,1,1,1,5,3,2,1,1,2,1,1,1,6,7,7,7,7,7,3,7,5,5,2,2,2,2,1,5,2,4,5,5,5,5,5,4,5,4,3,4,5,5,5,3,5,5,5,5,3,5,5,5,7,7,7,7,3,5,5,2,2,2,5,5,5,5,5,5,5,6,4,4,3,2,7,6,3,5,1,1,5,3,3,2,1,1,3,1,1,1,1,6,2,2,6,2,1,1,6,5,5,5,5,4,4,5,5,6,5,6,3,5,2,2,5
m8971364291,48,千葉県,女性,既婚,パート・アルバイト,その他,700万〜800万未満,持ち家（一戸建て）,あり,福山雅治,1,0,20000,6,6,6,6,5,6,6,6,5,6,7,7,7,7,7,7,7,7,7,7,7,7,7,7,7,7,7,5,7,7,7,7,7,7,7,7,7,7,7,7,7,7,7,7,7,7,7,7,7,7,7,7,7,7,7,7,7,7,7,7,7,7,7,7,7,7,7,7,7,7,7,7,7,7,7,7,7,7,7,7,7,7,7,7,7,7,7,7,7,7,7,7,7,7,7,7,7,7,7,7,7,7,7,7,7,7,7,7,7,7,5,7,7,7,7,7,7,7,7,7,7,7,7,7,7,7,7,7,7
m8970552817,65,鹿児島県,女性,既婚,専業主婦,勤めていない,300万〜400万未満,持ち家（一戸建て）,あり,福山雅治,1,10000,10000,6,6,6,6,6,7,6,2,7,7,6,6,6,5,4,4,4,4,4,4,4,5,4,4,4,4,6,6,5,5,6,6,6,4,6,3,4,5,4,3,4,5,6,6,3,3,3,4,3,4,3,2,2,6,6,5,6,4,5,4,2,6,5,5,4,5,6,6,6,6,2,2,1,4,4,3,5,5,5,3,2,2,3,6,5,5,6,4,5,5,3,4,2,2,3,5,3,5,3,3,3,2,2,2,2,6,2,2,6,6,3,2,6,3,6,6,6,6,6,6,6,3,5,5,4,3,2,3,2
m8976288982,61,岐阜県,男性,未婚,会社員(正社員),製造業,500万〜600万未満,持ち家（一戸建て）,あり,におい,3,1970,0,4,4,4,4,4,4,4,4,4,4,4,4,4,4,4,4,4,4,4,4,4,4,4,4,4,4,4,4,4,4,4,4,4,4,4,4,4,4,4,4,4,4,4,4,4,4,4,4,4,4,4,4,4,4,4,4,4,4,4,4,4,4,4,4,4,4,4,4,4,4,4,4,4,4,4,4,4,4,4,4,4,4,4,5,4,4,4,4,4,4,4,4,4,4,4,4,4,4,4,4,4,4,4,4,4,4,4,4,4,4,4,4,4,4,4,4,4,4,4,4,4,4,4,4,4,4,4,4,4
m89787713251,34,三重県,女性,既婚,専業主婦,勤めていない,500万〜600万未満,持ち家（一戸建て）,あり,岡野昭仁,1,4000,10000,7,7,6,6,5,7,6,1,5,7,7,7,6,2,1,1,2,1,1,1,1,1,3,1,1,1,6,3,5,5,5,4,4,2,5,2,1,1,1,4,1,5,2,4,5,2,2,5,6,5,2,1,2,1,5,5,4,5,6,6,1,2,1,1,5,1,5,6,6,6,1,1,1,1,1,1,4,5,3,1,4,4,5,5,5,5,5,2,5,6,3,1,1,1,1,2,1,2,2,1,1,1,1,1,1,6,1,1,4,5,4,1,6,6,4,5,2,5,6,5,4,2,4,4,4,5,2,4,2
m8973011157,41,兵庫県,男性,未婚,会社員(正社員),製造業,500万〜600万未満,持ち家（マンション）,なし,xjapan,1,15000,50000,7,7,7,7,7,7,7,1,7,7,7,7,7,6,4,6,5,5,7,4,6,4,6,7,2,3,7,7,7,7,5,5,5,5,4,3,3,4,5,7,7,6,6,6,3,5,4,3,1,7,2,1,5,7,7,7,7,5,7,7,6,7,7,7,7,7,6,7,7,6,7,5,3,4,7,4,5,6,6,7,7,7,5,5,7,7,7,6,7,7,4,5,1,4,4,5,4,7,4,6,7,4,4,5,5,7,7,7,7,6,7,7,7,6,7,7,5,1,1,1,1,7,1,1,7,7,1,2,7
m8975959033,40,茨城県,女性,既婚,会社員(正社員),製造業,100万未満,持ち家（一戸建て）,あり,ジャミロクワイ,1,50000,100000,4,4,4,4,4,4,4,4,4,4,3,4,4,4,4,4,4,4,4,4,4,4,3,4,4,4,4,4,4,4,4,4,4,4,4,4,4,4,4,4,4,4,4,4,4,4,4,4,4,4,4,4,4,4,5,4,4,4,4,4,4,4,5,4,3,5,4,4,5,4,4,4,5,5,4,5,4,5,4,4,5,4,4,5,4,4,4,4,4,4,4,4,4,4,4,4,4,4,4,4,4,5,5,4,5,4,5,3,5,4,4,5,4,4,4,3,4,4,4,4,4,4,4,4,5,5,4,4,3
m89788245025,42,新潟県,女性,既婚,パート・アルバイト,医療・福祉,600万〜700万未満,持ち家（一戸建て）,あり,清水翔太,1,12000,50000,7,7,6,5,7,4,5,1,3,5,5,4,5,1,1,1,3,2,2,1,2,1,5,1,1,1,3,3,4,4,3,5,2,4,6,5,3,1,1,2,4,4,4,5,4,1,2,3,5,4,1,1,4,3,5,5,5,4,5,6,1,1,2,1,6,4,7,6,4,6,4,3,1,1,4,1,4,4,5,4,4,4,5,6,7,5,5,1,6,7,4,2,1,1,3,6,6,6,6,1,1,1,1,4,1,5,1,1,5,7,2,1,6,6,6,6,4,2,4,4,5,1,6,7,7,7,4,6,3
m89788467157,45,石川県,女性,既婚,会社員(正社員),製造業,800万〜900万未満,持ち家（一戸建て）,あり,B'z,1,5000,50000,6,6,6,6,6,7,6,1,6,7,6,6,6,5,5,5,5,5,5,1,5,4,5,5,5,1,7,7,7,7,7,7,6,6,6,7,4,5,4,4,4,4,5,6,4,4,4,3,1,5,4,2,4,4,5,5,5,4,5,5,4,5,4,4,7,7,7,7,7,7,1,1,1,4,4,4,5,5,5,5,5,4,5,7,5,5,5,4,7,7,6,4,4,1,4,5,4,5,4,4,4,4,4,4,5,6,4,4,7,7,4,5,7,5,7,7,7,5,5,5,5,3,5,5,4,5,4,4,4
m89789675916,30,広島県,女性,未婚,会社員(正社員),製造業,400万〜500万未満,賃貸（マンション）,なし,東京スカパラダイスオーケストラ,1,100000,200000,7,7,7,7,7,7,7,1,7,7,7,7,7,3,4,2,7,3,3,2,5,2,6,4,6,2,7,7,7,6,7,7,4,4,7,3,4,3,2,3,4,7,7,7,2,2,2,2,4,6,5,1,7,6,4,4,7,5,4,4,4,7,3,7,7,7,7,7,7,7,4,4,2,3,4,2,6,7,6,6,7,7,5,7,7,6,6,4,7,7,4,5,6,5,7,7,4,5,5,3,1,1,1,7,5,7,3,4,7,7,4,4,7,7,7,7,7,5,6,5,5,3,5,5,4,5,4,4,2
m8964059676,52,東京都,男性,未婚,会社員(正社員),建設業,"900万〜1,000万未満",賃貸（一戸建て）,なし,浜田省吾,1,30000,50000,5,5,6,5,5,5,4,5,4,4,6,5,6,6,6,6,6,5,5,4,5,4,5,4,4,4,4,4,4,4,3,4,5,4,4,5,5,4,4,4,5,5,6,5,5,5,5,4,3,5,5,4,5,5,5,6,5,5,5,5,5,5,5,5,5,5,5,5,5,5,6,6,5,6,6,6,6,6,5,5,5,5,4,5,5,5,5,6,5,4,4,4,5,5,5,5,4,5,4,4,5,5,4,4,4,4,4,5,4,5,4,5,5,5,4,5,5,6,5,6,6,5,5,5,5,5,4,5,5
m89788392608,30,広島県,女性,既婚,会社員（契約・派遣社員）,医療・福祉,200万〜300万未満,賃貸（アパート）,あり,ラックライフ,3,0,0,6,4,4,5,4,5,5,2,5,5,6,6,6,4,1,2,3,1,1,1,2,1,2,3,1,1,4,5,3,3,4,4,2,5,4,3,4,4,4,3,2,2,2,2,2,5,5,3,2,4,2,2,2,2,2,2,2,2,2,2,2,2,2,3,2,2,5,4,4,5,2,2,2,2,2,2,2,2,2,2,2,2,5,5,4,2,4,2,2,3,3,3,1,1,1,2,2,3,3,1,1,1,1,1,1,1,1,1,4,5,4,2,4,4,4,4,4,5,5,5,4,3,4,4,4,5,3,4,3
m8974495466,38,兵庫県,女性,未婚,会社員(正社員),製造業,400万〜500万未満,賃貸（マンション）,なし,"三代目 J Soul Brothers",1,100000,200000,6,7,7,7,6,7,7,1,4,7,7,5,5,4,1,1,5,3,2,1,5,1,5,3,1,1,7,7,7,7,7,5,6,5,5,5,3,3,3,3,2,4,5,5,5,5,5,4,7,1,3,1,1,5,5,4,5,5,7,7,2,6,4,7,7,7,7,7,7,7,1,1,1,1,4,1,7,7,7,7,7,7,5,7,6,7,7,7,7,7,3,5,5,4,6,7,6,5,5,4,3,3,7,5,5,7,3,3,5,6,4,1,7,7,7,7,7,6,5,7,5,3,5,6,5,4,4,5,3
m89788562558,59,千葉県,女性,既婚,専業主婦,勤めていない,200万〜300万未満,持ち家（マンション）,あり,よみぃ,1,8000,20000,7,6,7,7,5,7,7,2,6,6,6,7,7,5,1,4,5,2,5,1,5,4,6,4,1,1,6,5,5,5,7,6,2,4,6,2,4,4,1,1,2,2,5,5,5,2,2,2,3,3,3,2,2,4,6,6,6,4,6,7,1,4,1,2,3,5,3,6,6,6,1,1,1,4,2,4,6,7,6,5,4,6,5,6,6,6,7,4,6,5,4,2,3,2,2,5,1,6,3,2,3,2,1,5,5,6,4,1,6,6,6,1,7,7,7,7,7,6,5,5,5,5,4,4,5,4,4,5,2
m8970777626,49,愛知県,女性,既婚,パート・アルバイト,その他,600万〜700万未満,持ち家（一戸建て）,あり,B'z,2,10000,30000,7,7,6,7,6,7,7,1,7,7,6,6,7,5,4,4,5,5,4,1,3,1,4,4,4,1,7,7,7,7,6,7,4,7,5,5,4,5,4,4,4,5,6,6,3,6,7,7,7,3,3,2,2,5,5,7,7,5,7,7,4,5,5,5,5,5,5,7,7,7,1,1,1,4,4,4,6,6,6,6,7,7,5,7,7,5,7,5,7,7,4,4,3,1,1,7,7,5,6,4,3,3,2,6,6,5,2,1,7,7,2,1,7,7,7,7,7,5,5,5,4,2,5,5,5,2,3,5,2
m89788320134,46,千葉県,女性,既婚,会社員(正社員),サービス業,700万〜800万未満,持ち家（一戸建て）,あり,小田和正,1,6000,30000,7,6,6,7,6,7,7,1,7,6,6,7,5,4,3,5,4,3,5,1,6,4,6,6,1,1,6,5,5,4,4,6,2,6,2,4,4,4,4,4,4,3,5,5,2,2,2,2,6,1,1,1,1,4,7,6,3,4,4,6,4,6,2,2,5,4,6,6,6,6,1,1,1,4,5,2,5,5,5,3,6,5,5,7,5,5,7,5,7,7,5,5,4,2,5,7,6,4,5,1,1,1,1,5,5,5,2,1,5,5,4,1,6,6,6,7,7,4,4,4,4,4,4,4,4,5,3,4,3
m89789195936,38,富山県,男性,未婚,会社員(正社員),運送・輸送業,300万〜400万未満,持ち家（一戸建て）,なし,Reona,2,30000,100000,7,7,6,5,5,5,4,5,5,4,3,3,5,5,5,5,4,4,4,4,5,4,5,4,5,5,5,5,5,5,3,3,4,5,4,4,4,4,5,4,3,2,2,2,4,4,5,5,5,4,4,2,2,3,4,5,5,6,5,4,2,2,3,4,4,4,3,3,4,4,3,3,4,4,4,3,4,4,4,4,2,4,4,4,5,5,5,5,4,4,4,5,5,4,3,3,5,6,5,6,6,3,1,2,2,3,3,2,3,2,2,2,2,4,2,2,3,2,2,3,3,3,4,3,2,3,4,5,5
m89787777487,45,岐阜県,男性,未婚,会社員（契約・派遣社員）,製造業,600万〜700万未満,持ち家（一戸建て）,なし,奥田民生,1,25000,50000,6,6,6,7,6,6,6,2,6,6,5,6,5,5,3,2,5,4,4,1,5,5,6,5,1,1,2,4,5,4,5,5,6,4,7,5,5,5,4,6,6,6,6,6,5,4,4,4,3,5,3,3,2,4,7,7,3,2,6,7,6,6,6,6,7,7,6,6,7,3,2,1,1,5,6,4,7,7,7,7,7,7,5,7,7,6,6,4,2,6,3,6,2,2,6,5,3,5,6,5,3,2,4,5,6,6,5,3,6,6,6,4,6,6,6,7,7,5,5,5,3,5,3,3,3,6,2,3,4
m8972605821,48,埼玉県,女性,既婚,会社員(正社員),その他,300万〜400万未満,持ち家（マンション）,なし,玉置浩二,1,80000,100000,7,7,7,7,7,7,7,1,7,7,7,7,7,7,7,6,7,6,6,1,7,5,7,4,6,4,7,7,7,7,7,7,4,2,4,3,4,5,2,5,5,6,7,6,2,2,2,2,4,3,1,1,1,7,7,7,6,6,6,6,3,6,4,4,4,7,7,7,7,7,2,2,1,5,5,4,6,6,6,7,7,7,5,7,7,7,7,5,7,7,5,5,4,3,6,6,4,6,5,4,5,4,3,6,7,6,6,7,7,7,7,4,6,6,7,7,7,5,5,5,5,3,5,5,3,5,2,5,2
m8974157254,49,愛知県,女性,既婚,会社員(正社員),建設業,500万〜600万未満,持ち家（一戸建て）,あり,ジョン　ヨンファ,1,10000,10000,5,3,5,5,5,5,5,5,5,5,5,5,5,5,5,5,5,5,6,5,5,5,5,5,5,5,5,5,5,5,5,5,5,5,5,5,5,5,5,5,5,5,5,5,5,5,5,5,5,5,5,5,5,5,5,5,5,5,5,5,5,5,5,5,5,5,5,5,5,5,3,3,3,5,5,5,5,5,5,5,5,5,5,5,5,4,4,4,6,6,4,5,3,3,5,5,4,4,3,3,3,3,3,4,5,5,5,5,5,5,5,5,5,5,5,5,5,5,5,5,5,5,5,5,5,5,5,5,5
m89788433898,37,千葉県,男性,既婚,公務員（教職員を除く）,その他,600万〜700万未満,持ち家（一戸建て）,あり,筋肉少女帯,1,20000,100000,7,7,7,7,7,7,7,1,7,7,7,7,7,5,3,3,5,3,3,1,4,1,5,4,1,1,4,5,5,4,5,5,3,5,1,4,5,5,4,4,5,5,6,6,3,1,3,3,6,2,4,2,2,2,6,6,6,3,6,6,2,2,5,5,6,5,6,6,6,6,2,2,2,2,4,2,5,4,4,2,4,5,5,5,4,5,5,4,4,6,4,2,2,2,2,6,4,4,4,4,5,2,2,2,2,6,2,2,6,6,6,2,6,6,6,6,6,6,6,6,6,2,4,6,5,4,4,5,2
m8971208485,48,愛知県,女性,既婚,パート・アルバイト,その他,500万〜600万未満,賃貸（マンション）,あり,GACKT,1,2,5,7,7,7,7,7,7,7,1,7,7,7,7,7,7,7,7,7,7,7,4,7,7,7,5,4,4,7,7,7,7,7,7,7,4,4,4,4,4,4,4,4,4,7,7,4,4,4,4,4,4,4,2,4,7,7,5,4,4,4,5,4,6,5,5,7,7,7,7,7,7,4,4,3,4,7,4,7,7,7,5,7,6,5,7,7,7,7,4,7,7,4,4,4,4,6,7,3,7,3,3,3,4,3,6,4,5,4,1,7,7,7,1,7,7,7,7,7,4,4,4,4,4,3,4,4,4,3,4,4
m89787731690,40,広島県,男性,既婚,会社員(正社員),医療・福祉,300万〜400万未満,持ち家（一戸建て）,あり,スピッツ,1,15000,20000,6,6,6,6,4,7,7,2,6,6,6,6,7,4,2,4,4,4,4,1,4,4,5,3,1,5,4,4,4,4,6,5,3,7,5,7,4,4,3,4,5,6,6,6,6,1,1,2,2,2,2,2,2,2,6,5,5,6,4,4,5,5,4,4,6,6,6,6,6,4,3,3,1,3,2,2,5,6,6,4,6,6,5,6,6,5,6,4,7,7,4,6,1,2,7,6,2,5,4,2,4,3,3,4,5,6,2,4,6,6,4,4,6,6,6,6,6,4,4,4,5,2,4,5,4,6,4,2,2
m8970590845,31,岩手県,女性,既婚,その他,建設業,400万〜500万未満,社宅,なし,Da-iCE,2,180,50000,5,6,6,5,4,6,6,2,5,7,6,6,4,1,1,1,1,5,1,1,5,2,2,1,7,2,5,5,5,5,5,4,1,6,6,3,4,2,2,2,6,6,2,2,6,1,1,5,6,1,1,2,1,4,6,7,5,1,6,6,1,5,1,6,4,4,4,5,4,5,1,1,1,1,2,1,5,5,5,2,4,5,5,7,6,6,7,2,2,7,1,1,1,1,1,1,1,1,1,3,2,1,1,6,2,3,1,1,6,6,1,1,4,5,6,6,6,2,2,2,6,5,5,2,5,7,1,6,4
m89788393087,37,鹿児島県,男性,未婚,会社員(正社員),農業・林業・漁業・鉱業,300万〜400万未満,持ち家（一戸建て）,なし,GLAY,1,10000,50000,7,7,6,7,6,7,7,1,7,7,7,7,7,2,2,3,3,1,4,1,1,1,5,4,1,1,7,7,7,5,6,5,7,7,3,4,4,4,2,1,1,3,1,1,6,1,1,5,6,3,1,1,1,3,6,6,6,4,7,6,1,6,7,7,6,7,7,6,7,5,1,1,1,2,4,2,6,6,6,6,4,5,5,6,4,4,4,4,2,6,4,2,1,1,4,5,5,5,1,5,6,1,1,2,1,6,5,2,5,6,4,5,6,6,6,6,6,6,7,6,5,2,6,6,6,2,6,5,2
m8974500548,49,新潟県,男性,既婚,経営者・役員,建設業,"1,200万〜1,500万未満",持ち家（一戸建て）,あり,福山雅治,1,0,10000,5,5,5,5,5,5,5,5,5,5,5,5,5,4,4,4,4,4,4,4,4,4,4,4,4,4,4,4,4,4,4,5,4,4,4,4,4,4,4,4,5,4,4,5,3,4,3,3,1,6,2,2,2,3,5,4,4,4,4,4,4,4,4,5,4,4,4,6,5,5,3,3,3,3,3,3,4,5,4,4,4,4,4,4,4,4,4,4,4,5,4,4,4,4,4,4,3,4,4,4,4,4,4,4,4,4,4,4,4,4,4,4,4,4,4,4,4,4,4,5,4,4,4,5,5,5,5,5,4
m8976385043,67,和歌山県,男性,既婚,無職,勤めていない,700万〜800万未満,持ち家（一戸建て）,あり,小田一正,1,0,10000,6,7,6,6,7,6,6,1,7,7,6,7,7,5,3,3,2,1,2,1,4,4,5,4,1,1,5,5,2,2,6,7,4,5,6,7,5,6,6,3,4,5,5,4,1,4,3,2,1,2,2,2,3,5,6,5,6,5,5,5,4,6,3,3,4,4,5,7,5,6,2,1,1,1,2,2,4,4,4,4,5,3,5,6,6,5,6,5,2,2,1,1,1,1,1,7,6,6,4,2,2,1,1,2,5,5,2,4,7,6,5,6,7,7,7,7,6,6,6,6,6,2,6,6,6,2,4,6,1
m8971171854,70,埼玉県,男性,既婚,自営業,サービス業,300万〜400万未満,持ち家（一戸建て）,あり,上間彩乃,2,5000,10000,6,6,6,6,4,6,6,2,6,6,5,7,6,4,4,2,2,2,4,2,2,2,2,2,2,2,3,6,5,4,5,5,6,6,5,6,4,5,4,4,3,5,4,3,5,5,5,4,5,5,4,2,4,5,6,4,4,4,3,6,4,6,4,5,5,4,4,6,5,5,4,4,4,3,1,2,2,2,1,5,4,4,3,6,5,5,4,5,4,5,2,2,2,1,1,2,2,2,2,2,2,2,2,2,2,4,4,4,4,4,7,3,3,3,3,3,5,5,5,3,3,4,4,5,5,5,4,5,2
m8973631109,60,愛知県,女性,既婚,専業主婦,勤めていない,300万〜400万未満,持ち家（一戸建て）,あり,米津玄師,1,3000,10000,6,7,6,6,7,6,6,1,7,7,6,6,6,4,2,2,5,2,3,2,5,3,5,4,3,2,3,3,3,2,5,6,3,7,7,7,4,5,4,3,3,5,4,6,7,4,6,2,5,3,2,5,2,6,4,4,6,2,6,5,2,3,2,2,5,6,6,7,5,5,3,3,2,3,4,3,5,5,5,5,6,5,5,5,5,4,5,2,2,2,2,2,2,2,2,5,5,5,4,3,5,3,2,5,5,5,6,2,6,5,5,5,6,6,6,7,6,5,4,4,5,5,4,5,5,5,3,4,4
m89788228012,53,東京都,女性,未婚,無職,勤めていない,100万未満,持ち家（マンション）,あり,bts,1,0,0,6,6,6,6,6,6,7,1,7,7,7,6,7,2,1,1,1,1,4,1,4,1,4,1,1,1,6,5,5,6,6,6,4,4,5,4,2,4,4,4,4,5,1,2,4,4,4,3,4,4,6,4,6,7,6,7,7,7,7,7,4,4,4,4,4,4,4,4,4,4,4,4,1,4,4,4,7,6,5,5,4,4,3,6,6,4,5,1,2,6,1,1,1,1,1,4,4,4,4,4,4,4,4,3,3,5,4,4,4,4,4,4,4,4,4,4,4,4,4,4,4,4,4,3,3,4,4,4,4
m89788463067,42,埼玉県,女性,既婚,専業主婦,勤めていない,"1,200万〜1,500万未満",持ち家（一戸建て）,なし,EXILE,1,100000,1000000,7,7,7,7,7,7,7,1,7,7,7,7,7,7,1,1,1,1,1,1,5,1,1,1,1,1,7,7,7,7,7,7,7,7,5,1,4,4,1,1,1,1,1,4,1,1,1,1,1,7,1,1,1,4,5,5,4,7,5,5,1,1,1,4,4,7,5,7,7,7,1,1,1,1,1,1,4,4,4,5,7,7,5,7,7,4,5,1,7,7,1,1,1,1,4,6,1,1,1,1,1,1,1,1,1,7,4,4,4,4,4,4,4,4,4,7,7,4,7,7,6,4,4,5,4,1,3,4,1
m8970639586,61,京都府,男性,既婚,会社員(正社員),製造業,200万〜300万未満,持ち家（一戸建て）,あり,山下達郎,1,5000,10000,7,7,7,7,7,7,7,1,7,7,7,7,7,5,2,2,5,5,4,2,5,2,6,5,2,6,4,4,4,4,6,7,5,5,5,4,4,4,2,2,4,4,5,4,1,1,2,2,1,6,1,2,2,6,5,5,4,4,6,5,5,5,4,4,6,4,6,7,6,6,2,2,2,4,3,2,5,5,5,5,5,5,5,5,6,4,4,2,5,6,4,2,2,2,2,6,5,5,4,2,4,4,2,4,4,5,2,1,6,6,5,1,7,7,6,6,6,6,4,5,5,2,4,5,2,5,4,5,2
m89788878426,33,千葉県,女性,未婚,会社員（契約・派遣社員）,製造業,100万〜200万未満,賃貸（アパート）,なし,キンモクセイ,1,2000,20000,7,7,7,7,7,7,7,1,7,7,7,7,7,5,6,4,5,5,5,4,5,4,5,4,5,5,5,5,7,5,7,6,7,4,7,4,5,5,4,7,5,5,6,6,6,1,2,1,4,2,1,1,1,4,5,5,4,4,4,5,3,5,4,4,5,5,7,7,6,7,5,4,4,4,4,3,7,7,7,5,7,7,5,7,5,6,5,5,6,7,5,4,4,4,4,7,4,6,3,4,4,3,4,3,3,5,4,3,6,7,7,2,7,7,6,7,7,4,5,5,6,5,5,5,3,5,2,4,4
m8970123107,33,神奈川県,女性,既婚,パート・アルバイト,医療・福祉,300万〜400万未満,賃貸（マンション）,あり,あいみょん,2,0,10000,7,7,6,6,4,5,6,1,6,7,6,6,4,1,1,1,1,1,1,1,2,1,3,1,1,1,2,3,3,3,4,4,3,4,5,5,4,4,2,2,2,4,4,4,6,4,4,4,7,1,3,2,2,4,4,4,4,2,5,5,2,3,3,3,5,4,5,5,4,4,1,1,1,1,1,1,1,1,1,1,1,1,3,4,4,3,2,1,1,3,1,1,1,1,1,1,1,1,1,1,1,1,1,1,1,4,1,4,7,5,4,4,5,4,6,5,5,6,6,6,5,1,5,5,4,5,3,4,1
m89788456540,40,神奈川県,女性,既婚,専業主婦,勤めていない,400万〜500万未満,持ち家（マンション）,あり,マライアキャリー,2,6000,20000,7,7,7,7,7,7,7,1,7,7,7,7,7,5,2,3,6,2,3,1,7,4,7,5,1,1,5,7,7,6,7,5,5,7,4,4,2,5,2,2,2,2,5,5,7,7,7,7,2,1,7,1,1,7,7,7,6,4,7,7,6,7,5,7,7,7,7,7,7,7,1,1,1,2,7,7,7,7,7,7,7,7,5,7,7,5,7,6,7,7,5,3,1,2,5,7,1,5,5,5,7,3,1,6,7,7,1,7,7,7,1,1,7,7,7,7,7,7,7,7,7,5,3,5,4,6,2,1,4
m89788174712,49,神奈川県,女性,未婚,医師・医療関係者,医療・福祉,700万〜800万未満,持ち家（マンション）,あり,"Nothing's Carved In Stone",3,50000,50000,6,6,6,6,6,6,6,2,6,6,6,6,6,5,5,2,5,5,4,5,5,5,5,4,6,5,3,3,6,5,6,5,3,5,5,4,4,4,2,4,5,6,4,4,3,2,2,2,2,5,6,2,2,4,6,6,6,6,6,6,2,6,2,2,2,2,2,4,4,6,5,5,2,4,2,2,6,6,6,6,5,6,5,6,6,5,6,2,6,6,2,6,6,5,6,3,4,4,2,2,1,2,1,5,2,2,1,2,2,6,2,2,6,6,6,6,5,4,4,4,5,4,4,4,2,6,2,4,4
m8998594002,61,北海道,女性,既婚,専業主婦,勤めていない,600万〜700万未満,持ち家（一戸建て）,あり,石井竜也,1,8000,15000,7,6,7,6,7,7,7,1,7,7,7,6,7,5,6,4,6,6,6,2,6,2,6,5,5,5,7,7,7,6,7,6,6,6,2,2,5,4,4,7,4,5,5,5,1,1,1,1,1,7,1,1,1,6,7,7,6,5,7,7,4,5,4,4,5,5,5,7,6,7,1,1,1,4,6,5,6,6,6,7,6,6,5,7,6,7,7,6,6,6,5,6,4,1,6,6,5,5,4,2,1,1,1,1,5,7,6,1,6,6,6,1,6,6,5,7,6,4,2,4,6,1,6,5,4,7,2,4,1
m89788664253,42,三重県,女性,既婚,会社員(正社員),サービス業,200万〜300万未満,賃貸（一戸建て）,あり,"Dragon Ash",1,0,50000,7,4,5,4,2,7,7,3,4,4,4,6,5,2,1,1,3,1,1,1,2,1,1,1,1,2,6,6,6,4,4,5,2,7,1,1,1,1,1,1,1,1,1,1,1,1,1,1,1,7,1,1,1,1,5,5,1,1,1,1,1,3,1,1,4,5,4,5,4,5,1,1,1,1,1,1,1,1,1,1,1,1,5,5,2,5,1,1,5,5,3,1,1,1,6,7,5,2,1,1,1,1,1,1,1,5,1,1,3,1,1,5,4,4,2,4,6,5,7,6,4,5,1,5,6,5,5,4,4
m8970789160,23,東京都,男性,未婚,会社員(正社員),サービス業,300万〜400万未満,持ち家（一戸建て）,なし,ブレッドアンドバター,1,0,5000,7,6,7,7,6,5,6,2,6,7,7,5,7,3,2,1,5,3,2,1,4,2,5,4,1,1,4,5,5,4,4,4,1,5,6,4,4,4,5,4,4,5,5,4,1,1,1,1,1,4,1,1,1,5,5,5,6,5,2,6,5,4,5,5,5,5,4,6,6,4,1,1,1,3,3,3,5,5,5,5,5,5,5,6,5,5,5,3,2,5,2,1,1,1,1,6,5,3,2,4,4,2,2,5,2,4,3,1,6,6,5,2,6,6,6,6,6,3,4,2,2,5,2,2,1,6,5,2,4
m8978232824,60,東京都,男性,既婚,公務員（教職員を除く）,電気・ガス・水道業,800万〜900万未満,賃貸（一戸建て）,なし,竹内まりや,3,200000,500000,6,6,5,5,5,6,5,2,5,6,6,4,6,5,2,3,3,2,4,2,4,3,5,5,4,1,6,5,4,4,5,6,4,7,6,3,4,3,3,3,3,4,4,5,6,4,4,4,2,4,4,2,1,4,5,5,4,4,4,4,2,4,2,4,5,5,5,7,6,5,2,2,1,2,2,2,6,5,6,3,6,6,5,6,4,6,6,4,3,4,2,2,1,1,2,7,1,6,3,3,5,1,4,2,4,6,3,4,6,6,4,2,6,6,6,6,6,5,4,5,5,2,4,4,4,4,4,5,1
m8971464458,56,神奈川県,男性,既婚,会社員(正社員),サービス業,600万〜700万未満,持ち家（一戸建て）,あり,矢沢永吉,1,10000,100000,7,7,7,7,7,7,7,1,7,7,7,7,7,4,1,2,2,2,2,1,5,2,5,4,1,1,6,6,6,4,6,6,7,2,3,4,6,5,5,5,7,5,7,7,7,7,7,7,6,3,6,1,1,7,5,5,5,5,5,2,1,2,2,4,7,7,7,7,7,7,1,1,1,2,2,2,5,4,5,1,6,1,5,7,2,4,6,6,5,6,4,2,2,2,2,5,2,4,2,3,2,5,2,2,3,6,1,1,7,7,7,4,7,7,7,7,7,6,6,6,6,2,6,6,6,2,2,5,2
m8978651941,53,神奈川県,男性,既婚,自営業,製造業,700万〜800万未満,持ち家（一戸建て）,あり,"Rodrigo y gabriela",3,10000,30000,7,7,6,7,7,7,6,1,6,7,6,7,7,5,4,4,4,4,4,1,4,4,4,2,1,1,2,2,4,2,4,4,2,5,4,6,4,4,4,4,4,4,4,4,4,3,3,3,3,5,5,4,4,4,3,4,4,4,4,4,3,4,3,3,5,5,4,5,5,5,4,4,4,3,3,3,3,3,3,2,3,3,5,4,4,4,4,3,3,5,3,2,1,1,2,4,2,3,1,1,2,1,1,2,2,5,4,4,5,4,4,4,5,5,4,5,4,5,4,4,5,4,4,4,4,5,4,2,4
m89788704175,45,広島県,男性,既婚,会社員(正社員),サービス業,800万〜900万未満,持ち家（一戸建て）,なし,押尾コータロー,1,0,10000,6,6,6,6,6,5,6,1,6,7,6,6,7,2,1,1,2,1,5,1,1,2,4,3,1,1,5,5,2,1,6,4,1,4,7,4,3,2,1,1,1,6,2,3,1,1,3,1,1,7,2,1,5,3,6,4,4,5,6,7,4,2,1,1,7,6,4,6,6,5,1,1,1,5,1,7,5,5,5,6,6,6,5,7,7,5,6,1,4,6,1,1,5,1,1,6,1,3,6,1,1,1,1,5,6,6,4,1,7,6,4,1,6,7,7,7,6,5,6,5,4,4,2,4,5,5,3,3,1
m89788388403,42,熊本県,男性,既婚,会社員(正社員),医療・福祉,300万〜400万未満,持ち家（一戸建て）,あり,Danton,1,20000,20000,7,6,6,5,5,5,6,5,6,5,5,6,5,5,6,6,6,6,6,5,6,5,5,6,6,5,6,6,5,6,5,6,5,4,5,4,5,5,6,6,6,6,6,6,6,6,6,6,6,6,6,6,6,6,6,6,6,6,6,6,6,6,6,6,6,6,6,6,6,6,6,6,6,6,6,6,6,6,6,6,6,6,6,6,6,6,6,6,6,6,6,6,6,6,6,5,5,6,6,6,6,6,5,3,5,6,6,6,6,6,6,6,6,6,6,6,6,6,5,5,6,6,6,6,6,6,6,6,6
m8998293759,48,千葉県,男性,未婚,会社員(正社員),不動産業,"2,000万以上",持ち家（一戸建て）,なし,ビートルズ,1,0,0,7,7,7,7,7,7,7,7,7,7,7,7,7,7,7,7,7,7,7,7,7,7,7,7,7,7,7,7,7,7,7,7,7,7,7,7,7,7,7,7,7,7,7,7,7,7,7,7,7,7,7,7,7,7,7,7,7,7,7,7,7,7,7,7,7,7,7,7,7,7,7,7,7,7,7,7,7,7,7,7,7,7,5,7,7,7,7,7,7,7,7,7,7,7,7,7,7,7,7,7,7,7,7,7,7,7,7,7,7,7,7,7,7,7,7,7,7,7,7,7,7,7,7,7,7,7,7,7,7
m89944895,67,徳島県,男性,既婚,経営者・役員,製造業,800万〜900万未満,持ち家（一戸建て）,あり,ビートルズ,3,12000,20000,6,6,6,7,7,6,6,1,6,7,6,6,6,3,2,1,3,1,2,1,3,1,5,2,1,1,4,4,4,4,4,5,2,6,4,4,4,4,4,4,4,3,3,4,3,4,2,3,3,4,2,2,1,4,4,3,3,3,4,4,4,4,4,4,4,4,5,6,5,5,3,3,3,4,4,4,4,5,4,4,5,3,5,6,2,6,4,4,2,2,4,4,1,1,1,5,4,4,1,1,4,4,4,4,4,4,3,3,5,4,2,1,6,4,4,4,4,5,5,5,4,4,4,5,5,6,2,4,3
m89788248008,43,愛知県,男性,既婚,会社員(正社員),製造業,800万〜900万未満,持ち家（一戸建て）,あり,"Jason Mraz",1,0,0,6,6,5,5,4,5,5,2,5,5,2,5,6,3,1,1,1,1,1,1,3,2,3,2,1,2,4,5,5,2,5,4,2,2,3,5,4,4,2,2,3,2,2,3,2,3,3,3,5,3,2,3,2,2,4,2,2,2,4,4,4,4,4,4,4,4,4,4,4,4,4,4,4,4,4,4,4,4,4,4,4,4,4,4,4,4,4,4,4,4,4,4,4,4,4,6,5,3,2,2,2,2,2,2,2,2,2,2,2,2,2,2,2,4,4,4,4,4,4,4,4,4,4,4,4,4,4,4,4
m8971153347,63,千葉県,男性,既婚,会社員(正社員),建設業,700万〜800万未満,持ち家（一戸建て）,あり,夜遊び,3,1000,10000,4,4,4,4,4,4,4,4,4,4,4,4,3,4,2,2,1,1,1,1,1,1,1,1,1,1,4,4,5,4,6,6,4,4,4,4,4,4,4,4,4,4,4,4,4,4,4,4,4,4,4,4,4,4,4,4,4,4,4,4,4,4,4,4,4,4,4,5,4,5,2,2,2,2,2,2,2,2,2,2,4,4,4,4,4,4,4,2,2,2,2,2,2,2,2,2,2,2,2,2,2,2,2,2,2,4,4,4,4,4,4,4,4,4,4,4,4,6,6,6,6,2,4,5,6,4,4,4,2
m89789356097,34,山形県,男性,未婚,会社員(正社員),製造業,500万〜600万未満,持ち家（マンション）,なし,DAIGO,1,0,5000,5,2,1,3,1,5,6,5,5,2,5,6,7,1,1,1,1,1,1,1,1,3,2,2,1,1,7,7,7,7,7,7,7,1,7,1,4,4,4,4,3,2,3,6,6,4,7,5,7,1,1,1,1,1,7,7,7,1,7,7,4,6,7,7,1,7,7,7,7,7,1,1,1,1,1,1,7,7,7,4,4,7,5,7,6,3,5,5,1,2,1,1,2,1,1,2,1,1,1,2,2,1,1,1,1,7,1,4,3,7,5,4,1,5,7,7,7,4,5,5,5,7,1,5,1,3,1,3,7
m8971356796,48,神奈川県,男性,未婚,会社員(正社員),メディア・マスコミ・広告業,400万〜500万未満,持ち家（一戸建て）,なし,B'z,1,5000,30000,6,6,6,5,6,6,6,2,6,6,5,6,6,3,2,3,2,2,3,1,6,2,5,4,1,1,5,5,5,5,4,6,3,3,3,5,4,4,5,3,3,4,5,5,1,2,2,1,1,7,1,1,1,6,6,6,6,5,5,4,6,5,3,3,6,6,6,6,6,6,2,2,2,2,2,2,6,6,6,5,5,5,5,6,5,5,2,2,4,4,2,3,2,2,2,6,3,2,2,5,5,5,5,4,4,6,4,2,6,6,5,2,6,6,6,6,6,6,5,5,6,2,6,6,2,4,2,5,1
m89789821872,44,東京都,男性,既婚,会社員(正社員),その他,400万〜500万未満,賃貸（マンション）,あり,ziggy,1,0,0,6,6,6,6,6,6,6,1,6,7,2,5,6,4,1,2,4,2,2,2,4,4,4,4,1,1,6,6,5,4,6,6,4,5,6,4,4,4,4,4,5,5,5,5,1,1,1,1,1,4,1,1,1,1,1,1,1,1,1,1,1,4,4,4,6,5,5,6,6,6,1,1,1,4,4,4,4,4,4,4,4,4,5,5,4,5,5,1,4,4,4,1,1,1,1,1,1,4,1,1,4,1,1,1,1,4,4,4,6,4,4,2,6,4,5,6,6,3,3,3,2,6,3,3,3,5,4,4,5
m89788329217,46,静岡県,男性,既婚,公務員（教職員を除く）,非営利団体,"2,000万以上",持ち家（マンション）,あり,ドリカム,3,10000,100000,4,4,3,4,3,4,5,4,3,4,4,4,5,3,3,3,2,2,2,2,2,2,3,2,1,1,2,4,4,3,2,3,3,5,5,4,2,2,1,2,2,2,2,2,4,2,4,4,5,5,1,1,2,2,1,2,5,4,3,3,2,2,1,1,5,4,4,4,4,4,2,2,2,2,2,2,4,4,4,2,1,1,5,4,4,1,1,2,1,2,1,1,1,1,1,1,1,1,1,1,3,4,4,1,1,1,1,1,4,4,4,1,4,4,3,2,5,4,5,5,4,4,4,1,4,4,4,4,5
m89788362742,22,鳥取県,男性,未婚,学生,勤めていない,700万〜800万未満,その他,なし,日向坂,3,5000,10000,7,7,7,7,7,7,7,7,7,7,7,7,7,7,7,7,7,7,7,7,7,7,7,7,7,7,7,7,7,7,7,7,7,7,7,7,7,7,7,7,7,7,7,7,7,7,7,7,7,7,7,7,7,7,7,7,7,7,7,7,7,7,7,7,7,7,7,7,7,7,7,7,7,7,7,7,7,7,7,7,7,7,7,7,7,7,7,7,7,7,7,7,7,7,7,7,7,7,7,7,7,7,7,7,7,7,7,7,7,7,7,7,7,7,7,7,7,7,7,7,7,7,7,7,7,7,7,7,7
m8972057777,32,石川県,男性,既婚,会社員(正社員),その他,400万〜500万未満,持ち家（一戸建て）,あり,かな,1,8586,9825,6,4,7,3,4,5,4,7,2,4,3,7,6,5,4,6,5,5,7,3,4,5,7,4,7,3,5,5,7,2,4,7,4,6,6,2,6,7,5,6,4,7,3,7,4,6,3,5,7,3,4,7,2,5,2,4,7,3,5,5,5,7,2,5,1,5,5,7,3,6,6,7,3,6,5,4,6,7,2,5,5,7,5,6,2,3,6,7,4,5,6,5,5,6,5,4,7,5,5,3,1,5,7,5,6,2,7,7,3,5,4,4,5,7,5,3,5,5,7,5,3,6,6,5,6,3,5,6,4
m89789010182,35,兵庫県,男性,未婚,自営業,運送・輸送業,200万〜300万未満,持ち家（一戸建て）,なし,カネコアヤノ,2,1000,1000,3,4,6,5,5,4,4,4,5,4,4,4,4,5,4,4,4,5,4,2,5,4,4,4,3,3,3,5,4,4,5,3,4,4,4,7,3,4,4,5,3,4,3,5,4,3,2,2,4,3,5,4,5,5,5,3,4,4,5,3,3,4,4,4,4,4,4,5,5,5,4,4,4,4,4,3,5,5,4,4,4,2,3,5,4,6,5,5,4,3,4,3,5,4,4,3,5,2,3,4,4,2,4,4,6,3,4,3,4,4,4,2,4,4,5,4,4,5,4,3,2,3,3,4,3,4,4,4,3
m89788580753,32,埼玉県,男性,既婚,会社員(正社員),製造業,400万〜500万未満,持ち家（一戸建て）,あり,LiSA,2,10000,10000,6,7,6,6,7,7,7,1,7,7,6,7,7,3,3,2,2,2,1,1,2,1,3,3,5,3,4,5,5,6,6,6,5,5,5,4,1,1,1,1,1,1,1,1,6,4,4,5,6,2,6,1,2,4,1,4,3,4,5,4,1,3,4,5,5,6,6,7,7,6,5,4,1,4,3,3,1,4,4,4,4,4,5,5,4,4,3,3,3,2,1,1,1,1,1,3,1,2,1,1,1,1,1,1,1,3,2,1,6,4,4,1,1,1,1,1,1,4,6,3,5,3,4,2,4,6,6,6,3
m89788108834,47,東京都,男性,既婚,会社員(正社員),製造業,"1,200万〜1,500万未満",賃貸（一戸建て）,あり,サザンオールスターズ,3,5000,10000,6,6,6,6,6,6,6,1,6,7,6,6,6,2,2,2,6,2,4,1,2,2,4,4,1,1,5,5,5,5,7,7,6,4,4,2,4,4,2,4,2,2,5,5,2,4,4,4,2,6,2,2,2,4,6,6,4,4,6,5,4,4,4,5,6,6,6,6,6,6,2,2,2,4,4,4,4,4,4,4,6,4,5,6,6,5,5,4,6,6,4,2,2,2,2,5,2,4,2,2,2,2,2,2,2,6,2,2,7,7,6,4,7,4,7,7,6,4,6,5,5,4,5,5,6,5,4,5,2
m8998359447,60,埼玉県,男性,既婚,会社員(正社員),非営利団体,"1,000万〜1,200万未満",持ち家（一戸建て）,あり,松任谷由実,2,6000,20000,7,5,7,7,6,6,7,2,6,6,7,6,7,4,2,1,1,1,1,1,4,2,5,4,3,1,4,5,5,4,6,6,4,7,4,7,4,4,4,4,4,5,6,6,3,3,2,2,2,5,4,2,2,5,4,3,5,3,4,4,4,5,4,5,4,4,4,5,5,5,1,1,1,3,2,1,4,4,4,3,5,5,5,6,6,4,4,3,2,3,1,1,1,1,1,5,4,4,3,2,3,2,2,4,3,6,2,2,6,6,5,1,6,6,6,6,6,6,5,5,6,1,5,4,4,5,4,4,1
m89788768809,31,神奈川県,男性,既婚,会社員(正社員),商社・卸売り・小売業,400万〜500万未満,持ち家（一戸建て）,あり,Mr.Children,3,10000,50000,7,7,7,7,7,7,7,7,7,7,7,7,7,7,7,7,7,7,7,7,6,7,6,7,7,7,7,7,7,7,7,7,7,7,6,7,7,6,6,7,6,6,7,6,5,5,6,7,7,7,6,6,6,6,7,7,7,7,7,7,6,7,7,7,7,7,7,7,7,7,6,7,7,7,7,7,7,6,7,7,6,7,7,7,7,7,7,7,6,7,7,7,7,7,7,7,7,6,7,7,7,6,7,6,7,6,7,7,7,6,7,6,6,7,7,7,7,6,7,7,6,6,7,6,7,6,6,5,6
m8998231211,68,大阪府,男性,既婚,無職,勤めていない,300万〜400万未満,持ち家（一戸建て）,あり,さだまさし,1,0,10000,6,4,6,6,4,6,6,1,6,7,5,6,7,1,1,1,1,1,1,1,2,1,2,1,1,1,1,1,1,1,7,6,2,7,4,7,7,6,5,6,6,6,6,6,3,3,3,3,3,4,1,2,1,5,5,5,5,4,6,5,1,4,2,1,7,5,6,7,6,7,1,1,1,4,1,1,3,3,4,4,3,4,5,4,5,4,5,2,1,6,2,1,1,1,1,2,5,5,1,1,1,1,1,1,1,5,4,2,6,7,4,1,7,4,7,6,5,6,6,6,5,7,5,6,5,4,5,6,1
m8971421959,53,和歌山県,男性,未婚,会社員(正社員),サービス業,200万〜300万未満,賃貸（アパート）,あり,ブラックモアズ・レインボー,3,0,10000,7,7,7,7,7,7,7,1,7,7,7,7,7,4,1,1,1,1,4,1,6,2,6,2,1,1,1,4,1,1,4,6,4,6,4,6,4,5,4,4,4,4,4,4,2,2,2,2,2,6,2,2,2,2,2,2,4,4,4,4,2,4,4,4,4,4,4,6,6,4,2,2,1,2,6,2,4,4,4,2,2,2,5,6,4,4,4,4,4,6,2,4,2,2,2,6,2,6,6,4,4,2,2,2,2,6,2,2,6,6,4,2,6,4,4,6,7,2,2,2,4,6,4,4,2,4,2,4,4
m8971386291,41,宮崎県,男性,未婚,無職,勤めていない,100万未満,持ち家（一戸建て）,なし,B’z,1,10000,15000,6,4,5,5,5,5,4,4,5,5,4,4,5,5,3,3,3,6,5,6,3,2,2,2,1,1,5,5,4,3,4,4,4,3,4,4,4,4,4,4,3,4,5,4,4,3,3,3,4,5,3,4,4,5,6,4,2,3,4,4,3,2,2,3,3,4,4,3,4,4,4,5,5,6,5,5,3,2,4,4,4,4,5,5,6,4,3,4,2,3,3,4,2,2,3,2,2,2,2,2,2,2,2,3,3,3,2,2,2,2,2,3,2,3,3,5,5,3,3,4,3,3,3,3,1,2,2,4,4
m89788868169,55,愛知県,男性,既婚,会社員(正社員),サービス業,500万〜600万未満,賃貸（マンション）,あり,浜田省吾,1,0,5000,7,7,7,7,6,6,7,1,7,7,6,6,6,4,2,2,5,2,2,2,5,2,5,4,1,1,3,4,5,2,6,6,5,6,4,6,4,5,5,5,5,5,6,6,5,6,5,4,4,4,2,2,2,2,3,2,3,4,4,6,4,6,2,2,4,4,5,6,6,6,2,2,2,2,4,2,4,4,4,5,4,4,3,6,4,5,5,4,6,6,4,3,3,2,3,3,5,3,3,3,3,2,2,2,2,4,4,4,6,6,4,2,6,5,5,6,6,5,5,5,5,4,5,4,5,5,4,5,2
m8971264587,38,和歌山県,男性,未婚,会社員(正社員),医療・福祉,"900万〜1,000万未満",持ち家（一戸建て）,なし,GLAY,1,100000,100000,5,6,7,7,5,5,5,4,5,7,7,7,7,7,7,7,6,6,6,6,6,6,6,7,6,5,6,7,7,7,7,6,6,6,6,6,5,6,7,7,7,7,7,7,7,7,7,7,7,7,6,6,6,7,7,7,6,7,7,7,7,7,6,7,7,7,7,7,7,7,6,6,7,6,7,7,6,6,7,7,6,7,7,7,7,7,7,7,7,7,6,7,7,7,6,6,6,5,6,7,7,7,7,6,6,7,7,7,7,7,7,7,7,7,7,7,7,7,7,6,7,7,7,7,7,6,6,6,6
m8998699359,49,北海道,男性,既婚,経営者・役員,サービス業,500万〜600万未満,持ち家（一戸建て）,あり,マキシマムザホルモン,3,10000,10000,6,6,6,6,6,6,6,3,5,6,6,5,6,5,2,2,5,2,4,2,5,4,5,4,2,2,2,2,2,2,5,3,2,6,4,4,5,5,5,5,5,5,5,6,5,2,2,2,5,3,2,2,2,5,5,4,4,2,5,5,5,5,2,2,6,6,5,6,5,6,2,2,2,3,3,3,5,5,5,5,5,5,5,5,6,6,5,2,3,5,4,2,2,2,2,7,4,6,3,2,2,2,2,5,4,6,3,2,5,5,4,4,6,6,6,6,6,2,4,4,4,5,3,3,5,5,5,4,5
m8970925194,52,京都府,男性,未婚,会社員(正社員),出版・印刷業,800万〜900万未満,賃貸（マンション）,なし,アウトレイジ,1,30000,50000,6,6,6,5,4,6,6,2,6,5,6,4,5,4,1,2,2,2,2,1,3,2,5,3,1,1,2,2,2,2,4,4,5,6,5,5,4,4,2,2,3,5,4,4,1,1,1,2,2,6,2,2,2,4,4,4,4,2,4,4,5,4,3,4,4,4,5,5,5,4,4,4,4,3,2,3,4,4,4,2,4,4,5,5,4,5,4,4,2,5,4,2,1,1,2,6,4,4,2,2,5,2,2,2,2,5,3,4,5,6,2,3,5,4,6,5,4,4,2,3,4,5,5,4,4,5,4,4,4
m8970889754,57,熊本県,男性,既婚,その他,不動産業,800万〜900万未満,持ち家（一戸建て）,あり,三浦大知,1,0,10000,7,7,7,7,7,7,7,1,7,7,7,7,7,2,1,1,1,1,6,1,2,1,7,1,1,1,4,3,3,3,7,4,2,6,6,7,4,4,2,2,2,6,6,7,2,1,1,1,1,6,1,1,1,2,6,6,7,5,6,6,4,4,2,2,7,7,7,7,7,7,1,1,1,4,2,3,6,6,6,5,6,6,5,6,6,5,5,3,3,5,2,2,2,1,2,3,2,3,2,1,5,2,2,5,5,7,7,1,7,7,4,1,7,7,7,7,6,7,6,6,6,3,6,6,6,2,2,6,1
m8970509752,51,滋賀県,男性,既婚,会社員(正社員),製造業,400万〜500万未満,持ち家（一戸建て）,あり,ひげだん,3,0,0,7,7,6,7,7,7,7,7,7,7,4,4,5,6,5,4,5,5,4,4,4,4,3,5,2,4,4,4,4,4,3,3,3,4,4,4,4,4,4,6,3,3,2,4,4,5,6,4,4,4,4,5,3,4,4,3,3,5,6,5,5,5,3,5,3,4,3,4,5,6,4,4,4,5,4,4,4,4,4,5,4,4,3,3,3,4,4,5,5,5,4,5,4,5,4,4,4,5,4,4,4,4,5,5,4,4,4,5,5,4,6,5,3,5,4,3,3,6,4,2,4,3,4,4,4,4,3,4,3
m899319473,45,東京都,男性,既婚,会社員(正社員),商社・卸売り・小売業,600万〜700万未満,賃貸（マンション）,なし,ボウイ,1,1000,12000,2,2,2,2,2,2,2,3,3,3,2,2,2,2,2,2,3,3,3,3,2,2,2,2,2,2,3,3,3,3,3,3,3,3,3,3,3,3,3,3,2,2,2,2,2,2,2,3,4,5,3,4,5,5,5,5,5,5,5,5,3,4,5,5,5,5,5,5,5,5,5,5,5,5,5,5,5,5,5,5,5,5,5,5,5,5,5,5,5,5,5,5,6,6,6,5,5,5,5,5,5,5,5,5,5,5,5,5,5,5,5,5,5,5,5,5,5,5,5,5,5,5,5,5,5,5,5,5,5
m89789050692,26,埼玉県,男性,未婚,会社員(正社員),金融・証券・保険業,400万〜500万未満,賃貸（マンション）,なし,マカロニえんぴつ,1,10000,20000,7,7,7,7,7,7,7,1,7,7,7,7,7,5,1,1,2,1,1,1,1,1,6,1,1,1,4,5,1,1,4,4,1,7,4,7,1,4,4,4,4,4,5,5,3,1,1,3,3,5,2,1,1,5,5,5,5,3,1,6,1,6,1,1,4,4,4,5,6,5,2,2,1,1,2,1,4,1,1,4,4,4,5,6,5,5,3,1,1,6,1,1,1,1,1,1,1,1,1,1,1,1,1,1,1,2,4,1,7,7,5,1,7,7,7,7,7,7,7,7,5,2,5,5,5,6,7,5,5
m8965512281,60,愛知県,男性,既婚,会社員(正社員),情報通信業,"1,000万〜1,200万未満",持ち家（一戸建て）,あり,松任谷由実,2,0,3000,5,5,5,4,5,5,5,4,6,4,5,4,6,3,2,2,2,2,2,2,2,2,2,2,2,4,3,2,3,3,4,5,5,5,5,4,4,5,4,4,5,6,5,5,5,6,5,5,5,3,4,4,5,4,4,4,4,3,4,4,4,3,3,2,3,4,4,6,4,4,3,3,3,3,3,3,4,4,4,4,3,5,5,3,4,3,4,3,2,2,2,2,2,1,2,2,2,3,3,3,2,3,2,2,2,4,3,4,3,3,5,2,5,2,4,5,4,5,4,4,3,5,4,2,3,6,4,4,4
m8970932803,60,岩手県,男性,既婚,その他,教育業,500万〜600万未満,持ち家（一戸建て）,あり,辛島美登里,2,100000,100000,7,7,7,7,7,7,7,1,7,7,7,7,7,5,4,4,4,5,5,5,4,4,4,4,3,4,4,4,5,5,5,5,6,5,5,5,5,5,5,5,5,5,5,5,5,5,5,3,3,6,3,2,3,5,5,5,5,5,5,5,5,5,5,5,5,5,5,5,5,5,2,2,3,3,4,4,4,4,4,4,4,4,4,4,4,5,5,5,5,5,5,5,5,5,5,6,6,6,3,3,4,4,4,4,4,4,4,4,4,4,4,4,4,4,5,5,4,5,5,4,5,4,4,4,4,4,4,4,4
m8971202864,52,埼玉県,男性,未婚,会社員(正社員),運送・輸送業,500万〜600万未満,賃貸（マンション）,なし,長渕剛,1,15000,50000,6,6,6,6,5,6,6,2,6,6,4,6,4,3,2,2,4,2,2,2,2,2,6,2,1,1,2,3,3,2,5,4,6,4,2,5,4,4,2,4,3,5,5,5,3,3,2,5,3,5,2,2,2,2,5,5,5,5,2,3,3,5,2,4,5,4,5,6,6,6,2,2,2,4,3,2,3,2,2,3,4,4,5,5,4,5,6,2,6,6,2,4,1,1,5,5,5,3,2,2,2,2,2,3,2,4,2,2,5,5,2,2,6,5,3,5,5,4,4,4,5,4,5,5,4,4,4,4,3
m8970995962,37,静岡県,男性,既婚,会社員(正社員),製造業,500万〜600万未満,賃貸（アパート）,なし,BRAHMAN,1,20000,100000,7,5,7,6,4,6,5,4,4,6,6,5,6,5,1,2,3,1,3,1,2,2,5,4,1,1,2,4,4,4,4,5,4,4,4,5,5,4,4,2,4,3,5,5,1,1,1,1,1,1,1,1,1,1,1,4,3,4,4,1,4,4,1,1,5,5,4,5,6,4,1,1,1,3,1,1,4,4,4,4,4,4,5,5,4,5,5,3,4,5,4,4,1,4,1,6,3,5,5,5,4,4,5,4,4,5,4,5,5,4,3,5,5,4,4,5,4,4,4,5,4,4,4,4,4,5,4,4,4
m89788878450,64,沖縄県,男性,未婚,パート・アルバイト,農業・林業・漁業・鉱業,100万〜200万未満,賃貸（アパート）,あり,WANIMA,3,2000,5000,6,6,6,7,6,7,7,2,7,6,5,6,6,5,1,2,2,1,1,1,4,2,5,2,1,1,1,2,2,1,4,5,4,7,4,6,4,2,2,2,2,5,4,5,4,3,3,2,6,2,5,2,4,2,4,2,4,1,4,4,1,4,1,3,6,4,5,6,5,4,4,2,1,1,1,1,1,4,4,2,4,4,4,4,4,1,2,1,1,1,1,1,1,1,1,3,2,4,2,1,1,1,1,1,1,1,1,3,3,5,2,4,4,4,5,5,5,2,4,5,4,5,4,5,4,4,4,4,3
m89788841399,39,広島県,男性,既婚,会社員(正社員),建設業,600万〜700万未満,持ち家（一戸建て）,あり,"ken yokoyama",3,3000,3000,7,4,7,7,4,7,7,2,6,6,7,7,7,5,1,2,2,2,4,1,4,4,5,4,1,1,1,5,7,4,7,7,4,7,7,1,4,4,4,5,4,6,5,5,5,1,2,2,5,2,3,2,1,2,7,3,2,2,3,3,1,2,2,2,5,5,5,5,7,6,1,1,1,1,1,1,5,5,4,2,5,4,5,4,4,4,4,1,1,6,4,5,1,1,5,5,1,7,7,6,1,1,1,1,1,7,1,4,7,7,4,4,4,3,7,7,7,1,1,1,1,7,1,1,1,6,1,2,5
m8970853600,51,愛知県,男性,既婚,会社員(正社員),製造業,400万〜500万未満,持ち家（一戸建て）,あり,長淵剛,1,5000,10000,5,5,6,6,6,6,5,5,6,6,6,5,5,6,6,6,5,6,6,5,2,3,3,2,3,3,2,3,4,4,5,3,6,5,4,5,5,5,4,3,5,4,5,4,5,5,5,6,5,4,3,5,4,4,4,4,4,5,4,5,4,4,4,5,5,4,5,6,4,4,5,4,4,5,5,5,5,5,2,2,4,4,4,5,4,5,5,5,3,5,5,4,4,4,4,6,6,6,6,2,4,4,4,5,2,5,4,4,6,5,3,5,5,3,3,4,5,5,6,4,4,5,5,5,5,4,2,3,4
